"year","iso_code","country_code","country_or_subregion","total_cases"
1980,"AIA",660,"Anguilla",0
1980,"ATG",28,"Antigua and Barbuda",0
1980,"ARG",32,"Argentina",0
1980,"ABW",533,"Aruba",0
1980,"BHS",44,"Bahamas",0
1980,"BRB",52,"Barbados",0
1980,"BLZ",84,"Belize",4
1980,"BMU",60,"Bermuda",0
1980,"BOL",68,"Bolivia",0
1980,NA,NA,"Bonaire, Saint Eustatius and Saba",0
1980,"BRA",76,"Brazil",0
1980,"CAN",124,"Canada",0
1980,"CYM",136,"Cayman Islands",0
1980,"CHL",152,"Chile",0
1980,"COL",170,"Colombia",8964
1980,"CRI",188,"Costa Rica",0
1980,"CUB",192,"Cuba",0
1980,"CUW",531,"Curaçao",0
1980,"DMA",212,"Dominica",0
1980,"DOM",214,"Dominican Republic",54
1980,"ECU",218,"Ecuador",0
1980,"SLV",222,"El Salvador",2060
1980,"GUF",254,"French Guiana",0
1980,"GRD",308,"Grenada",0
1980,"GLP",312,"Guadeloupe",0
1980,"GTM",320,"Guatemala",30
1980,"GUY",328,"Guyana",0
1980,"HTI",332,"Haiti",255
1980,"HND",340,"Honduras",2078
1980,"JAM",388,"Jamaica",9
1980,"MTQ",474,"Martinique",0
1980,"MEX",484,"Mexico",51046
1980,"MSR",500,"Montserrat",0
1980,"NIC",558,"Nicaragua",0
1980,"PAN",591,"Panama",0
1980,"PRY",600,"Paraguay",0
1980,"PER",604,"Peru",0
1980,"PRI",630,"Puerto Rico",921
1980,"BLM",652,"Saint Barthelemy",0
1980,"KNA",659,"Saint Kitts and Nevis",0
1980,"LCA",662,"Saint Lucia",0
1980,"MAF",663,"Saint Martin",0
1980,"VCT",670,"Saint Vincent and the Grenadines",0
1980,"SUR",740,"Suriname",0
1980,"TTO",780,"Trinidad and Tobago",0
1980,"TCA",796,"Turks and Caicos Islands",0
1980,"USA",840,"United States of America",63
1980,"URY",858,"Uruguay",0
1980,"VEN",862,"Venezuela",39
1980,"VGB",92,"Virgin Islands (UK)",0
1980,"VIR",850,"Virgin Islands (US)",0
1980,NA,NA,"Total",65523
1981,"AIA",660,"Anguilla",1
1981,"ATG",28,"Antigua and Barbuda",0
1981,"ARG",32,"Argentina",0
1981,"ABW",533,"Aruba",0
1981,"BHS",44,"Bahamas",0
1981,"BRB",52,"Barbados",6
1981,"BLZ",84,"Belize",9
1981,"BMU",60,"Bermuda",0
1981,"BOL",68,"Bolivia",0
1981,NA,NA,"Bonaire, Saint Eustatius and Saba",0
1981,"BRA",76,"Brazil",0
1981,"CAN",124,"Canada",0
1981,"CYM",136,"Cayman Islands",0
1981,"CHL",152,"Chile",0
1981,"COL",170,"Colombia",10790
1981,"CRI",188,"Costa Rica",0
1981,"CUB",192,"Cuba",333891
1981,"CUW",531,"Curaçao",0
1981,"DMA",212,"Dominica",0
1981,"DOM",214,"Dominican Republic",619
1981,"ECU",218,"Ecuador",0
1981,"SLV",222,"El Salvador",5185
1981,"GUF",254,"French Guiana",0
1981,"GRD",308,"Grenada",0
1981,"GLP",312,"Guadeloupe",0
1981,"GTM",320,"Guatemala",104
1981,"GUY",328,"Guyana",0
1981,"HTI",332,"Haiti",44
1981,"HND",340,"Honduras",1612
1981,"JAM",388,"Jamaica",47
1981,"MTQ",474,"Martinique",0
1981,"MEX",484,"Mexico",17046
1981,"MSR",500,"Montserrat",0
1981,"NIC",558,"Nicaragua",0
1981,"PAN",591,"Panama",0
1981,"PRY",600,"Paraguay",0
1981,"PER",604,"Peru",0
1981,"PRI",630,"Puerto Rico",8350
1981,"BLM",652,"Saint Barthelemy",0
1981,"KNA",659,"Saint Kitts and Nevis",0
1981,"LCA",662,"Saint Lucia",0
1981,"MAF",663,"Saint Martin",0
1981,"VCT",670,"Saint Vincent and the Grenadines",0
1981,"SUR",740,"Suriname",0
1981,"TTO",780,"Trinidad and Tobago",14
1981,"TCA",796,"Turks and Caicos Islands",0
1981,"USA",840,"United States of America",0
1981,"URY",858,"Uruguay",0
1981,"VEN",862,"Venezuela",71
1981,"VGB",92,"Virgin Islands (UK)",0
1981,"VIR",850,"Virgin Islands (US)",127
1981,NA,NA,"Total",377916
1982,"AIA",660,"Anguilla",0
1982,"ATG",28,"Antigua and Barbuda",0
1982,"ARG",32,"Argentina",0
1982,"ABW",533,"Aruba",0
1982,"BHS",44,"Bahamas",0
1982,"BRB",52,"Barbados",99
1982,"BLZ",84,"Belize",482
1982,"BMU",60,"Bermuda",0
1982,"BOL",68,"Bolivia",0
1982,NA,NA,"Bonaire, Saint Eustatius and Saba",0
1982,"BRA",76,"Brazil",12000
1982,"CAN",124,"Canada",0
1982,"CYM",136,"Cayman Islands",0
1982,"CHL",152,"Chile",0
1982,"COL",170,"Colombia",6776
1982,"CRI",188,"Costa Rica",0
1982,"CUB",192,"Cuba",0
1982,"CUW",531,"Curaçao",0
1982,"DMA",212,"Dominica",0
1982,"DOM",214,"Dominican Republic",435
1982,"ECU",218,"Ecuador",0
1982,"SLV",222,"El Salvador",5166
1982,"GUF",254,"French Guiana",0
1982,"GRD",308,"Grenada",0
1982,"GLP",312,"Guadeloupe",0
1982,"GTM",320,"Guatemala",33
1982,"GUY",328,"Guyana",0
1982,"HTI",332,"Haiti",211
1982,"HND",340,"Honduras",1217
1982,"JAM",388,"Jamaica",21
1982,"MTQ",474,"Martinique",0
1982,"MEX",484,"Mexico",32640
1982,"MSR",500,"Montserrat",0
1982,"NIC",558,"Nicaragua",0
1982,"PAN",591,"Panama",0
1982,"PRY",600,"Paraguay",0
1982,"PER",604,"Peru",0
1982,"PRI",630,"Puerto Rico",9536
1982,"BLM",652,"Saint Barthelemy",0
1982,"KNA",659,"Saint Kitts and Nevis",0
1982,"LCA",662,"Saint Lucia",0
1982,"MAF",663,"Saint Martin",0
1982,"VCT",670,"Saint Vincent and the Grenadines",0
1982,"SUR",740,"Suriname",219
1982,"TTO",780,"Trinidad and Tobago",16
1982,"TCA",796,"Turks and Caicos Islands",0
1982,"USA",840,"United States of America",0
1982,"URY",858,"Uruguay",0
1982,"VEN",862,"Venezuela",39
1982,"VGB",92,"Virgin Islands (UK)",0
1982,"VIR",850,"Virgin Islands (US)",2
1982,NA,NA,"Total",68892
1983,"AIA",660,"Anguilla",2
1983,"ATG",28,"Antigua and Barbuda",0
1983,"ARG",32,"Argentina",0
1983,"ABW",533,"Aruba",0
1983,"BHS",44,"Bahamas",0
1983,"BRB",52,"Barbados",63
1983,"BLZ",84,"Belize",26
1983,"BMU",60,"Bermuda",0
1983,"BOL",68,"Bolivia",0
1983,NA,NA,"Bonaire, Saint Eustatius and Saba",0
1983,"BRA",76,"Brazil",0
1983,"CAN",124,"Canada",0
1983,"CYM",136,"Cayman Islands",0
1983,"CHL",152,"Chile",0
1983,"COL",170,"Colombia",12919
1983,"CRI",188,"Costa Rica",0
1983,"CUB",192,"Cuba",0
1983,"CUW",531,"Curaçao",0
1983,"DMA",212,"Dominica",0
1983,"DOM",214,"Dominican Republic",538
1983,"ECU",218,"Ecuador",0
1983,"SLV",222,"El Salvador",3814
1983,"GUF",254,"French Guiana",0
1983,"GRD",308,"Grenada",0
1983,"GLP",312,"Guadeloupe",0
1983,"GTM",320,"Guatemala",2
1983,"GUY",328,"Guyana",0
1983,"HTI",332,"Haiti",483
1983,"HND",340,"Honduras",729
1983,"JAM",388,"Jamaica",26
1983,"MTQ",474,"Martinique",0
1983,"MEX",484,"Mexico",19028
1983,"MSR",500,"Montserrat",0
1983,"NIC",558,"Nicaragua",0
1983,"PAN",591,"Panama",0
1983,"PRY",600,"Paraguay",0
1983,"PER",604,"Peru",0
1983,"PRI",630,"Puerto Rico",2789
1983,"BLM",652,"Saint Barthelemy",0
1983,"KNA",659,"Saint Kitts and Nevis",0
1983,"LCA",662,"Saint Lucia",0
1983,"MAF",663,"Saint Martin",0
1983,"VCT",670,"Saint Vincent and the Grenadines",0
1983,"SUR",740,"Suriname",0
1983,"TTO",780,"Trinidad and Tobago",118
1983,"TCA",796,"Turks and Caicos Islands",0
1983,"USA",840,"United States of America",0
1983,"URY",858,"Uruguay",0
1983,"VEN",862,"Venezuela",6
1983,"VGB",92,"Virgin Islands (UK)",0
1983,"VIR",850,"Virgin Islands (US)",1
1983,NA,NA,"Total",40544
1984,"AIA",660,"Anguilla",0
1984,"ATG",28,"Antigua and Barbuda",0
1984,"ARG",32,"Argentina",0
1984,"ABW",533,"Aruba",0
1984,"BHS",44,"Bahamas",0
1984,"BRB",52,"Barbados",63
1984,"BLZ",84,"Belize",137
1984,"BMU",60,"Bermuda",0
1984,"BOL",68,"Bolivia",0
1984,NA,NA,"Bonaire, Saint Eustatius and Saba",0
1984,"BRA",76,"Brazil",0
1984,"CAN",124,"Canada",0
1984,"CYM",136,"Cayman Islands",0
1984,"CHL",152,"Chile",0
1984,"COL",170,"Colombia",7540
1984,"CRI",188,"Costa Rica",0
1984,"CUB",192,"Cuba",0
1984,"CUW",531,"Curaçao",0
1984,"DMA",212,"Dominica",0
1984,"DOM",214,"Dominican Republic",260
1984,"ECU",218,"Ecuador",0
1984,"SLV",222,"El Salvador",560
1984,"GUF",254,"French Guiana",0
1984,"GRD",308,"Grenada",0
1984,"GLP",312,"Guadeloupe",0
1984,"GTM",320,"Guatemala",0
1984,"GUY",328,"Guyana",0
1984,"HTI",332,"Haiti",328
1984,"HND",340,"Honduras",378
1984,"JAM",388,"Jamaica",12
1984,"MTQ",474,"Martinique",0
1984,"MEX",484,"Mexico",27637
1984,"MSR",500,"Montserrat",0
1984,"NIC",558,"Nicaragua",0
1984,"PAN",591,"Panama",0
1984,"PRY",600,"Paraguay",0
1984,"PER",604,"Peru",0
1984,"PRI",630,"Puerto Rico",1865
1984,"BLM",652,"Saint Barthelemy",0
1984,"KNA",659,"Saint Kitts and Nevis",0
1984,"LCA",662,"Saint Lucia",0
1984,"MAF",663,"Saint Martin",0
1984,"VCT",670,"Saint Vincent and the Grenadines",0
1984,"SUR",740,"Suriname",0
1984,"TTO",780,"Trinidad and Tobago",31
1984,"TCA",796,"Turks and Caicos Islands",0
1984,"USA",840,"United States of America",0
1984,"URY",858,"Uruguay",0
1984,"VEN",862,"Venezuela",20
1984,"VGB",92,"Virgin Islands (UK)",0
1984,"VIR",850,"Virgin Islands (US)",73
1984,NA,NA,"Total",38904
1985,"AIA",660,"Anguilla",0
1985,"ATG",28,"Antigua and Barbuda",0
1985,"ARG",32,"Argentina",0
1985,"ABW",533,"Aruba",24000
1985,"BHS",44,"Bahamas",0
1985,"BRB",52,"Barbados",0
1985,"BLZ",84,"Belize",0
1985,"BMU",60,"Bermuda",0
1985,"BOL",68,"Bolivia",0
1985,NA,NA,"Bonaire, Saint Eustatius and Saba",17483
1985,"BRA",76,"Brazil",0
1985,"CAN",124,"Canada",0
1985,"CYM",136,"Cayman Islands",0
1985,"CHL",152,"Chile",0
1985,"COL",170,"Colombia",82271
1985,"CRI",188,"Costa Rica",0
1985,"CUB",192,"Cuba",0
1985,"CUW",531,"Curaçao",0
1985,"DMA",212,"Dominica",0
1985,"DOM",214,"Dominican Republic",92
1985,"ECU",218,"Ecuador",0
1985,"SLV",222,"El Salvador",425
1985,"GUF",254,"French Guiana",0
1985,"GRD",308,"Grenada",0
1985,"GLP",312,"Guadeloupe",0
1985,"GTM",320,"Guatemala",0
1985,"GUY",328,"Guyana",0
1985,"HTI",332,"Haiti",20
1985,"HND",340,"Honduras",307
1985,"JAM",388,"Jamaica",3
1985,"MTQ",474,"Martinique",0
1985,"MEX",484,"Mexico",13688
1985,"MSR",500,"Montserrat",0
1985,"NIC",558,"Nicaragua",17476
1985,"PAN",591,"Panama",0
1985,"PRY",600,"Paraguay",0
1985,"PER",604,"Peru",0
1985,"PRI",630,"Puerto Rico",2374
1985,"BLM",652,"Saint Barthelemy",0
1985,"KNA",659,"Saint Kitts and Nevis",0
1985,"LCA",662,"Saint Lucia",0
1985,"MAF",663,"Saint Martin",2
1985,"VCT",670,"Saint Vincent and the Grenadines",0
1985,"SUR",740,"Suriname",0
1985,"TTO",780,"Trinidad and Tobago",7
1985,"TCA",796,"Turks and Caicos Islands",0
1985,"USA",840,"United States of America",0
1985,"URY",858,"Uruguay",0
1985,"VEN",862,"Venezuela",2
1985,"VGB",92,"Virgin Islands (UK)",0
1985,"VIR",850,"Virgin Islands (US)",43
1985,NA,NA,"Total",158193
1986,"AIA",660,"Anguilla",0
1986,"ATG",28,"Antigua and Barbuda",0
1986,"ARG",32,"Argentina",0
1986,"ABW",533,"Aruba",0
1986,"BHS",44,"Bahamas",0
1986,"BRB",52,"Barbados",0
1986,"BLZ",84,"Belize",1
1986,"BMU",60,"Bermuda",0
1986,"BOL",68,"Bolivia",0
1986,NA,NA,"Bonaire, Saint Eustatius and Saba",484
1986,"BRA",76,"Brazil",47367
1986,"CAN",124,"Canada",0
1986,"CYM",136,"Cayman Islands",0
1986,"CHL",152,"Chile",0
1986,"COL",170,"Colombia",7881
1986,"CRI",188,"Costa Rica",0
1986,"CUB",192,"Cuba",0
1986,"CUW",531,"Curaçao",0
1986,"DMA",212,"Dominica",0
1986,"DOM",214,"Dominican Republic",6
1986,"ECU",218,"Ecuador",0
1986,"SLV",222,"El Salvador",916
1986,"GUF",254,"French Guiana",0
1986,"GRD",308,"Grenada",0
1986,"GLP",312,"Guadeloupe",0
1986,"GTM",320,"Guatemala",0
1986,"GUY",328,"Guyana",0
1986,"HTI",332,"Haiti",0
1986,"HND",340,"Honduras",569
1986,"JAM",388,"Jamaica",3
1986,"MTQ",474,"Martinique",0
1986,"MEX",484,"Mexico",19520
1986,"MSR",500,"Montserrat",0
1986,"NIC",558,"Nicaragua",484
1986,"PAN",591,"Panama",0
1986,"PRY",600,"Paraguay",0
1986,"PER",604,"Peru",0
1986,"PRI",630,"Puerto Rico",10628
1986,"BLM",652,"Saint Barthelemy",0
1986,"KNA",659,"Saint Kitts and Nevis",0
1986,"LCA",662,"Saint Lucia",1
1986,"MAF",663,"Saint Martin",0
1986,"VCT",670,"Saint Vincent and the Grenadines",0
1986,"SUR",740,"Suriname",0
1986,"TTO",780,"Trinidad and Tobago",145
1986,"TCA",796,"Turks and Caicos Islands",0
1986,"USA",840,"United States of America",14
1986,"URY",858,"Uruguay",0
1986,"VEN",862,"Venezuela",0
1986,"VGB",92,"Virgin Islands (UK)",0
1986,"VIR",850,"Virgin Islands (US)",74
1986,NA,NA,"Total",88093
1987,"AIA",660,"Anguilla",0
1987,"ATG",28,"Antigua and Barbuda",0
1987,"ARG",32,"Argentina",0
1987,"ABW",533,"Aruba",0
1987,"BHS",44,"Bahamas",0
1987,"BRB",52,"Barbados",78
1987,"BLZ",84,"Belize",0
1987,"BMU",60,"Bermuda",0
1987,"BOL",68,"Bolivia",1994
1987,NA,NA,"Bonaire, Saint Eustatius and Saba",87
1987,"BRA",76,"Brazil",89393
1987,"CAN",124,"Canada",0
1987,"CYM",136,"Cayman Islands",0
1987,"CHL",152,"Chile",0
1987,"COL",170,"Colombia",17510
1987,"CRI",188,"Costa Rica",0
1987,"CUB",192,"Cuba",0
1987,"CUW",531,"Curaçao",0
1987,"DMA",212,"Dominica",0
1987,"DOM",214,"Dominican Republic",20
1987,"ECU",218,"Ecuador",0
1987,"SLV",222,"El Salvador",2836
1987,"GUF",254,"French Guiana",0
1987,"GRD",308,"Grenada",0
1987,"GLP",312,"Guadeloupe",0
1987,"GTM",320,"Guatemala",2318
1987,"GUY",328,"Guyana",0
1987,"HTI",332,"Haiti",0
1987,"HND",340,"Honduras",261
1987,"JAM",388,"Jamaica",3
1987,"MTQ",474,"Martinique",0
1987,"MEX",484,"Mexico",13371
1987,"MSR",500,"Montserrat",0
1987,"NIC",558,"Nicaragua",64
1987,"PAN",591,"Panama",0
1987,"PRY",600,"Paraguay",0
1987,"PER",604,"Peru",0
1987,"PRI",630,"Puerto Rico",5818
1987,"BLM",652,"Saint Barthelemy",0
1987,"KNA",659,"Saint Kitts and Nevis",0
1987,"LCA",662,"Saint Lucia",0
1987,"MAF",663,"Saint Martin",0
1987,"VCT",670,"Saint Vincent and the Grenadines",0
1987,"SUR",740,"Suriname",0
1987,"TTO",780,"Trinidad and Tobago",125
1987,"TCA",796,"Turks and Caicos Islands",0
1987,"USA",840,"United States of America",0
1987,"URY",858,"Uruguay",0
1987,"VEN",862,"Venezuela",58
1987,"VGB",92,"Virgin Islands (UK)",0
1987,"VIR",850,"Virgin Islands (US)",77
1987,NA,NA,"Total",134013
1988,"AIA",660,"Anguilla",0
1988,"ATG",28,"Antigua and Barbuda",0
1988,"ARG",32,"Argentina",0
1988,"ABW",533,"Aruba",0
1988,"BHS",44,"Bahamas",0
1988,"BRB",52,"Barbados",10
1988,"BLZ",84,"Belize",0
1988,"BMU",60,"Bermuda",0
1988,"BOL",68,"Bolivia",4847
1988,NA,NA,"Bonaire, Saint Eustatius and Saba",203
1988,"BRA",76,"Brazil",190
1988,"CAN",124,"Canada",0
1988,"CYM",136,"Cayman Islands",0
1988,"CHL",152,"Chile",0
1988,"COL",170,"Colombia",16308
1988,"CRI",188,"Costa Rica",0
1988,"CUB",192,"Cuba",0
1988,"CUW",531,"Curaçao",0
1988,"DMA",212,"Dominica",0
1988,"DOM",214,"Dominican Republic",160
1988,"ECU",218,"Ecuador",420025
1988,"SLV",222,"El Salvador",1786
1988,"GUF",254,"French Guiana",0
1988,"GRD",308,"Grenada",0
1988,"GLP",312,"Guadeloupe",0
1988,"GTM",320,"Guatemala",5175
1988,"GUY",328,"Guyana",0
1988,"HTI",332,"Haiti",0
1988,"HND",340,"Honduras",844
1988,"JAM",388,"Jamaica",6
1988,"MTQ",474,"Martinique",97
1988,"MEX",484,"Mexico",10526
1988,"MSR",500,"Montserrat",0
1988,"NIC",558,"Nicaragua",203
1988,"PAN",591,"Panama",0
1988,"PRY",600,"Paraguay",0
1988,"PER",604,"Peru",0
1988,"PRI",630,"Puerto Rico",6531
1988,"BLM",652,"Saint Barthelemy",0
1988,"KNA",659,"Saint Kitts and Nevis",0
1988,"LCA",662,"Saint Lucia",2
1988,"MAF",663,"Saint Martin",0
1988,"VCT",670,"Saint Vincent and the Grenadines",1
1988,"SUR",740,"Suriname",0
1988,"TTO",780,"Trinidad and Tobago",80
1988,"TCA",796,"Turks and Caicos Islands",0
1988,"USA",840,"United States of America",0
1988,"URY",858,"Uruguay",0
1988,"VEN",862,"Venezuela",12
1988,"VGB",92,"Virgin Islands (UK)",0
1988,"VIR",850,"Virgin Islands (US)",380
1988,NA,NA,"Total",467386
1989,"AIA",660,"Anguilla",0
1989,"ATG",28,"Antigua and Barbuda",0
1989,"ARG",32,"Argentina",0
1989,"ABW",533,"Aruba",0
1989,"BHS",44,"Bahamas",87
1989,"BRB",52,"Barbados",45
1989,"BLZ",84,"Belize",0
1989,"BMU",60,"Bermuda",0
1989,"BOL",68,"Bolivia",5334
1989,NA,NA,"Bonaire, Saint Eustatius and Saba",659
1989,"BRA",76,"Brazil",5334
1989,"CAN",124,"Canada",0
1989,"CYM",136,"Cayman Islands",0
1989,"CHL",152,"Chile",0
1989,"COL",170,"Colombia",10091
1989,"CRI",188,"Costa Rica",0
1989,"CUB",192,"Cuba",0
1989,"CUW",531,"Curaçao",0
1989,"DMA",212,"Dominica",0
1989,"DOM",214,"Dominican Republic",7
1989,"ECU",218,"Ecuador",19
1989,"SLV",222,"El Salvador",518
1989,"GUF",254,"French Guiana",0
1989,"GRD",308,"Grenada",1
1989,"GLP",312,"Guadeloupe",0
1989,"GTM",320,"Guatemala",7448
1989,"GUY",328,"Guyana",0
1989,"HTI",332,"Haiti",0
1989,"HND",340,"Honduras",2507
1989,"JAM",388,"Jamaica",32
1989,"MTQ",474,"Martinique",16
1989,"MEX",484,"Mexico",7116
1989,"MSR",500,"Montserrat",0
1989,"NIC",558,"Nicaragua",659
1989,"PAN",591,"Panama",0
1989,"PRY",600,"Paraguay",41000
1989,"PER",604,"Peru",0
1989,"PRI",630,"Puerto Rico",8991
1989,"BLM",652,"Saint Barthelemy",0
1989,"KNA",659,"Saint Kitts and Nevis",0
1989,"LCA",662,"Saint Lucia",4
1989,"MAF",663,"Saint Martin",0
1989,"VCT",670,"Saint Vincent and the Grenadines",0
1989,"SUR",740,"Suriname",0
1989,"TTO",780,"Trinidad and Tobago",11
1989,"TCA",796,"Turks and Caicos Islands",0
1989,"USA",840,"United States of America",0
1989,"URY",858,"Uruguay",0
1989,"VEN",862,"Venezuela",4025
1989,"VGB",92,"Virgin Islands (UK)",0
1989,"VIR",850,"Virgin Islands (US)",275
1989,NA,NA,"Total",94179
1990,"AIA",660,"Anguilla",12
1990,"ATG",28,"Antigua and Barbuda",1
1990,"ARG",32,"Argentina",0
1990,"ABW",533,"Aruba",0
1990,"BHS",44,"Bahamas",2
1990,"BRB",52,"Barbados",236
1990,"BLZ",84,"Belize",2
1990,"BMU",60,"Bermuda",0
1990,"BOL",68,"Bolivia",40642
1990,NA,NA,"Bonaire, Saint Eustatius and Saba",4137
1990,"BRA",76,"Brazil",40642
1990,"CAN",124,"Canada",0
1990,"CYM",136,"Cayman Islands",0
1990,"CHL",152,"Chile",0
1990,"COL",170,"Colombia",17350
1990,"CRI",188,"Costa Rica",0
1990,"CUB",192,"Cuba",0
1990,"CUW",531,"Curaçao",0
1990,"DMA",212,"Dominica",6
1990,"DOM",214,"Dominican Republic",39
1990,"ECU",218,"Ecuador",302
1990,"SLV",222,"El Salvador",2381
1990,"GUF",254,"French Guiana",0
1990,"GRD",308,"Grenada",3
1990,"GLP",312,"Guadeloupe",0
1990,"GTM",320,"Guatemala",5757
1990,"GUY",328,"Guyana",0
1990,"HTI",332,"Haiti",0
1990,"HND",340,"Honduras",1700
1990,"JAM",388,"Jamaica",9
1990,"MTQ",474,"Martinique",4
1990,"MEX",484,"Mexico",14485
1990,"MSR",500,"Montserrat",0
1990,"NIC",558,"Nicaragua",4137
1990,"PAN",591,"Panama",0
1990,"PRY",600,"Paraguay",0
1990,"PER",604,"Peru",7858
1990,"PRI",630,"Puerto Rico",9444
1990,"BLM",652,"Saint Barthelemy",0
1990,"KNA",659,"Saint Kitts and Nevis",0
1990,"LCA",662,"Saint Lucia",2
1990,"MAF",663,"Saint Martin",0
1990,"VCT",670,"Saint Vincent and the Grenadines",9
1990,"SUR",740,"Suriname",0
1990,"TTO",780,"Trinidad and Tobago",526
1990,"TCA",796,"Turks and Caicos Islands",0
1990,"USA",840,"United States of America",0
1990,"URY",858,"Uruguay",0
1990,"VEN",862,"Venezuela",7637
1990,"VGB",92,"Virgin Islands (UK)",0
1990,"VIR",850,"Virgin Islands (US)",339
1990,NA,NA,"Total",157662
1991,"AIA",660,"Anguilla",0
1991,"ATG",28,"Antigua and Barbuda",1
1991,"ARG",32,"Argentina",0
1991,"ABW",533,"Aruba",0
1991,"BHS",44,"Bahamas",0
1991,"BRB",52,"Barbados",21
1991,"BLZ",84,"Belize",0
1991,"BMU",60,"Bermuda",0
1991,"BOL",68,"Bolivia",97397
1991,NA,NA,"Bonaire, Saint Eustatius and Saba",1885
1991,"BRA",76,"Brazil",97209
1991,"CAN",124,"Canada",0
1991,"CYM",136,"Cayman Islands",0
1991,"CHL",152,"Chile",0
1991,"COL",170,"Colombia",15104
1991,"CRI",188,"Costa Rica",0
1991,"CUB",192,"Cuba",0
1991,"CUW",531,"Curaçao",0
1991,"DMA",212,"Dominica",12
1991,"DOM",214,"Dominican Republic",24
1991,"ECU",218,"Ecuador",94
1991,"SLV",222,"El Salvador",1273
1991,"GUF",254,"French Guiana",15
1991,"GRD",308,"Grenada",1
1991,"GLP",312,"Guadeloupe",0
1991,"GTM",320,"Guatemala",10968
1991,"GUY",328,"Guyana",0
1991,"HTI",332,"Haiti",0
1991,"HND",340,"Honduras",5303
1991,"JAM",388,"Jamaica",5
1991,"MTQ",474,"Martinique",0
1991,"MEX",484,"Mexico",5863
1991,"MSR",500,"Montserrat",0
1991,"NIC",558,"Nicaragua",1885
1991,"PAN",591,"Panama",0
1991,"PRY",600,"Paraguay",0
1991,"PER",604,"Peru",714
1991,"PRI",630,"Puerto Rico",10305
1991,"BLM",652,"Saint Barthelemy",0
1991,"KNA",659,"Saint Kitts and Nevis",8
1991,"LCA",662,"Saint Lucia",4
1991,"MAF",663,"Saint Martin",0
1991,"VCT",670,"Saint Vincent and the Grenadines",1
1991,"SUR",740,"Suriname",0
1991,"TTO",780,"Trinidad and Tobago",36
1991,"TCA",796,"Turks and Caicos Islands",0
1991,"USA",840,"United States of America",0
1991,"URY",858,"Uruguay",0
1991,"VEN",862,"Venezuela",6559
1991,"VGB",92,"Virgin Islands (UK)",0
1991,"VIR",850,"Virgin Islands (US)",62
1991,NA,NA,"Total",254749
1992,"AIA",660,"Anguilla",0
1992,"ATG",28,"Antigua and Barbuda",0
1992,"ARG",32,"Argentina",0
1992,"ABW",533,"Aruba",0
1992,"BHS",44,"Bahamas",0
1992,"BRB",52,"Barbados",4
1992,"BLZ",84,"Belize",0
1992,"BMU",60,"Bermuda",0
1992,"BOL",68,"Bolivia",3501
1992,NA,NA,"Bonaire, Saint Eustatius and Saba",5495
1992,"BRA",76,"Brazil",3501
1992,"CAN",124,"Canada",0
1992,"CYM",136,"Cayman Islands",0
1992,"CHL",152,"Chile",0
1992,"COL",170,"Colombia",59853
1992,"CRI",188,"Costa Rica",0
1992,"CUB",192,"Cuba",0
1992,"CUW",531,"Curaçao",0
1992,"DMA",212,"Dominica",0
1992,"DOM",214,"Dominican Republic",107
1992,"ECU",218,"Ecuador",137
1992,"SLV",222,"El Salvador",884
1992,"GUF",254,"French Guiana",0
1992,"GRD",308,"Grenada",1
1992,"GLP",312,"Guadeloupe",0
1992,"GTM",320,"Guatemala",1286
1992,"GUY",328,"Guyana",0
1992,"HTI",332,"Haiti",0
1992,"HND",340,"Honduras",2114
1992,"JAM",388,"Jamaica",296
1992,"MTQ",474,"Martinique",38
1992,"MEX",484,"Mexico",11348
1992,"MSR",500,"Montserrat",0
1992,"NIC",558,"Nicaragua",5495
1992,"PAN",591,"Panama",0
1992,"PRY",600,"Paraguay",0
1992,"PER",604,"Peru",1971
1992,"PRI",630,"Puerto Rico",13009
1992,"BLM",652,"Saint Barthelemy",0
1992,"KNA",659,"Saint Kitts and Nevis",0
1992,"LCA",662,"Saint Lucia",0
1992,"MAF",663,"Saint Martin",0
1992,"VCT",670,"Saint Vincent and the Grenadines",7
1992,"SUR",740,"Suriname",0
1992,"TTO",780,"Trinidad and Tobago",116
1992,"TCA",796,"Turks and Caicos Islands",0
1992,"USA",840,"United States of America",0
1992,"URY",858,"Uruguay",0
1992,"VEN",862,"Venezuela",3356
1992,"VGB",92,"Virgin Islands (UK)",0
1992,"VIR",850,"Virgin Islands (US)",48
1992,NA,NA,"Total",112567
1993,"AIA",660,"Anguilla",0
1993,"ATG",28,"Antigua and Barbuda",0
1993,"ARG",32,"Argentina",0
1993,"ABW",533,"Aruba",0
1993,"BHS",44,"Bahamas",0
1993,"BRB",52,"Barbados",1
1993,"BLZ",84,"Belize",0
1993,"BMU",60,"Bermuda",0
1993,"BOL",68,"Bolivia",6915
1993,NA,NA,"Bonaire, Saint Eustatius and Saba",20469
1993,"BRA",76,"Brazil",6915
1993,"CAN",124,"Canada",0
1993,"CYM",136,"Cayman Islands",0
1993,"CHL",152,"Chile",0
1993,"COL",170,"Colombia",8449
1993,"CRI",188,"Costa Rica",4612
1993,"CUB",192,"Cuba",0
1993,"CUW",531,"Curaçao",0
1993,"DMA",212,"Dominica",1
1993,"DOM",214,"Dominican Republic",0
1993,"ECU",218,"Ecuador",9015
1993,"SLV",222,"El Salvador",9015
1993,"GUF",254,"French Guiana",0
1993,"GRD",308,"Grenada",1
1993,"GLP",312,"Guadeloupe",0
1993,"GTM",320,"Guatemala",1907
1993,"GUY",328,"Guyana",0
1993,"HTI",332,"Haiti",0
1993,"HND",340,"Honduras",2847
1993,"JAM",388,"Jamaica",0
1993,"MTQ",474,"Martinique",0
1993,"MEX",484,"Mexico",2899
1993,"MSR",500,"Montserrat",0
1993,"NIC",558,"Nicaragua",8938
1993,"PAN",591,"Panama",13
1993,"PRY",600,"Paraguay",0
1993,"PER",604,"Peru",897
1993,"PRI",630,"Puerto Rico",6600
1993,"BLM",652,"Saint Barthelemy",0
1993,"KNA",659,"Saint Kitts and Nevis",0
1993,"LCA",662,"Saint Lucia",0
1993,"MAF",663,"Saint Martin",0
1993,"VCT",670,"Saint Vincent and the Grenadines",7
1993,"SUR",740,"Suriname",0
1993,"TTO",780,"Trinidad and Tobago",38
1993,"TCA",796,"Turks and Caicos Islands",0
1993,"USA",840,"United States of America",0
1993,"URY",858,"Uruguay",0
1993,"VEN",862,"Venezuela",9059
1993,"VGB",92,"Virgin Islands (UK)",0
1993,"VIR",850,"Virgin Islands (US)",0
1993,NA,NA,"Total",98598
1994,"AIA",660,"Anguilla",0
1994,"ATG",28,"Antigua and Barbuda",0
1994,"ARG",32,"Argentina",0
1994,"ABW",533,"Aruba",0
1994,"BHS",44,"Bahamas",0
1994,"BRB",52,"Barbados",0
1994,"BLZ",84,"Belize",0
1994,"BMU",60,"Bermuda",0
1994,"BOL",68,"Bolivia",54453
1994,NA,NA,"Bonaire, Saint Eustatius and Saba",0
1994,"BRA",76,"Brazil",54453
1994,"CAN",124,"Canada",0
1994,"CYM",136,"Cayman Islands",0
1994,"CHL",152,"Chile",0
1994,"COL",170,"Colombia",774
1994,"CRI",188,"Costa Rica",13929
1994,"CUB",192,"Cuba",0
1994,"CUW",531,"Curaçao",0
1994,"DMA",212,"Dominica",0
1994,"DOM",214,"Dominican Republic",0
1994,"ECU",218,"Ecuador",8145
1994,"SLV",222,"El Salvador",8145
1994,"GUF",254,"French Guiana",0
1994,"GRD",308,"Grenada",0
1994,"GLP",312,"Guadeloupe",0
1994,"GTM",320,"Guatemala",2872
1994,"GUY",328,"Guyana",0
1994,"HTI",332,"Haiti",0
1994,"HND",340,"Honduras",3055
1994,"JAM",388,"Jamaica",0
1994,"MTQ",474,"Martinique",0
1994,"MEX",484,"Mexico",6770
1994,"MSR",500,"Montserrat",0
1994,"NIC",558,"Nicaragua",20469
1994,"PAN",591,"Panama",20469
1994,"PRY",600,"Paraguay",0
1994,"PER",604,"Peru",1471
1994,"PRI",630,"Puerto Rico",22000
1994,"BLM",652,"Saint Barthelemy",0
1994,"KNA",659,"Saint Kitts and Nevis",0
1994,"LCA",662,"Saint Lucia",0
1994,"MAF",663,"Saint Martin",0
1994,"VCT",670,"Saint Vincent and the Grenadines",0
1994,"SUR",740,"Suriname",0
1994,"TTO",780,"Trinidad and Tobago",0
1994,"TCA",796,"Turks and Caicos Islands",0
1994,"USA",840,"United States of America",0
1994,"URY",858,"Uruguay",0
1994,"VEN",862,"Venezuela",15046
1994,"VGB",92,"Virgin Islands (UK)",0
1994,"VIR",850,"Virgin Islands (US)",0
1994,NA,NA,"Total",232051
1995,"AIA",660,"Anguilla",4
1995,"ATG",28,"Antigua and Barbuda",56
1995,"ARG",32,"Argentina",0
1995,"ABW",533,"Aruba",37
1995,"BHS",44,"Bahamas",1
1995,"BRB",52,"Barbados",974
1995,"BLZ",84,"Belize",107
1995,"BMU",60,"Bermuda",0
1995,"BOL",68,"Bolivia",7
1995,NA,NA,"Bonaire, Saint Eustatius and Saba",0
1995,"BRA",76,"Brazil",124775
1995,"CAN",124,"Canada",0
1995,"CYM",136,"Cayman Islands",1
1995,"CHL",152,"Chile",0
1995,"COL",170,"Colombia",50031
1995,"CRI",188,"Costa Rica",5137
1995,"CUB",192,"Cuba",0
1995,"CUW",531,"Curaçao",0
1995,"DMA",212,"Dominica",282
1995,"DOM",214,"Dominican Republic",211
1995,"ECU",218,"Ecuador",6607
1995,"SLV",222,"El Salvador",9529
1995,"GUF",254,"French Guiana",895
1995,"GRD",308,"Grenada",73
1995,"GLP",312,"Guadeloupe",149
1995,"GTM",320,"Guatemala",3979
1995,"GUY",328,"Guyana",0
1995,"HTI",332,"Haiti",0
1995,"HND",340,"Honduras",27560
1995,"JAM",388,"Jamaica",1776
1995,"MTQ",474,"Martinique",516
1995,"MEX",484,"Mexico",36029
1995,"MSR",500,"Montserrat",75
1995,"NIC",558,"Nicaragua",18454
1995,"PAN",591,"Panama",3080
1995,"PRY",600,"Paraguay",0
1995,"PER",604,"Peru",2732
1995,"PRI",630,"Puerto Rico",6491
1995,"BLM",652,"Saint Barthelemy",0
1995,"KNA",659,"Saint Kitts and Nevis",27
1995,"LCA",662,"Saint Lucia",52
1995,"MAF",663,"Saint Martin",0
1995,"VCT",670,"Saint Vincent and the Grenadines",224
1995,"SUR",740,"Suriname",344
1995,"TTO",780,"Trinidad and Tobago",4295
1995,"TCA",796,"Turks and Caicos Islands",0
1995,"USA",840,"United States of America",7
1995,"URY",858,"Uruguay",0
1995,"VEN",862,"Venezuela",26900
1995,"VGB",92,"Virgin Islands (UK)",0
1995,"VIR",850,"Virgin Islands (US)",0
1995,NA,NA,"Total",331417
1996,"AIA",660,"Anguilla",1
1996,"ATG",28,"Antigua and Barbuda",12
1996,"ARG",32,"Argentina",0
1996,"ABW",533,"Aruba",10
1996,"BHS",44,"Bahamas",0
1996,"BRB",52,"Barbados",130
1996,"BLZ",84,"Belize",0
1996,"BMU",60,"Bermuda",0
1996,"BOL",68,"Bolivia",52
1996,NA,NA,"Bonaire, Saint Eustatius and Saba",0
1996,"BRA",76,"Brazil",175749
1996,"CAN",124,"Canada",0
1996,"CYM",136,"Cayman Islands",0
1996,"CHL",152,"Chile",0
1996,"COL",170,"Colombia",31398
1996,"CRI",188,"Costa Rica",2309
1996,"CUB",192,"Cuba",0
1996,"CUW",531,"Curaçao",0
1996,"DMA",212,"Dominica",3
1996,"DOM",214,"Dominican Republic",72
1996,"ECU",218,"Ecuador",5189
1996,"SLV",222,"El Salvador",789
1996,"GUF",254,"French Guiana",358
1996,"GRD",308,"Grenada",6
1996,"GLP",312,"Guadeloupe",186
1996,"GTM",320,"Guatemala",3660
1996,"GUY",328,"Guyana",0
1996,"HTI",332,"Haiti",0
1996,"HND",340,"Honduras",5047
1996,"JAM",388,"Jamaica",46
1996,"MTQ",474,"Martinique",416
1996,"MEX",484,"Mexico",35082
1996,"MSR",500,"Montserrat",3
1996,"NIC",558,"Nicaragua",2743
1996,"PAN",591,"Panama",811
1996,"PRY",600,"Paraguay",0
1996,"PER",604,"Peru",6395
1996,"PRI",630,"Puerto Rico",4631
1996,"BLM",652,"Saint Barthelemy",0
1996,"KNA",659,"Saint Kitts and Nevis",6
1996,"LCA",662,"Saint Lucia",65
1996,"MAF",663,"Saint Martin",0
1996,"VCT",670,"Saint Vincent and the Grenadines",190
1996,"SUR",740,"Suriname",677
1996,"TTO",780,"Trinidad and Tobago",3983
1996,"TCA",796,"Turks and Caicos Islands",0
1996,"USA",840,"United States of America",0
1996,"URY",858,"Uruguay",0
1996,"VEN",862,"Venezuela",7500
1996,"VGB",92,"Virgin Islands (UK)",0
1996,"VIR",850,"Virgin Islands (US)",0
1996,NA,NA,"Total",287519
1997,"AIA",660,"Anguilla",0
1997,"ATG",28,"Antigua and Barbuda",7
1997,"ARG",32,"Argentina",0
1997,"ABW",533,"Aruba",0
1997,"BHS",44,"Bahamas",0
1997,"BRB",52,"Barbados",196
1997,"BLZ",84,"Belize",141
1997,"BMU",60,"Bermuda",0
1997,"BOL",68,"Bolivia",539
1997,NA,NA,"Bonaire, Saint Eustatius and Saba",0
1997,"BRA",76,"Brazil",254074
1997,"CAN",124,"Canada",0
1997,"CYM",136,"Cayman Islands",0
1997,"CHL",152,"Chile",0
1997,"COL",170,"Colombia",20340
1997,"CRI",188,"Costa Rica",14421
1997,"CUB",192,"Cuba",2807
1997,"CUW",531,"Curaçao",0
1997,"DMA",212,"Dominica",0
1997,"DOM",214,"Dominican Republic",512
1997,"ECU",218,"Ecuador",3871
1997,"SLV",222,"El Salvador",423
1997,"GUF",254,"French Guiana",848
1997,"GRD",308,"Grenada",22
1997,"GLP",312,"Guadeloupe",0
1997,"GTM",320,"Guatemala",5379
1997,"GUY",328,"Guyana",0
1997,"HTI",332,"Haiti",0
1997,"HND",340,"Honduras",11861
1997,"JAM",388,"Jamaica",16
1997,"MTQ",474,"Martinique",235
1997,"MEX",484,"Mexico",52561
1997,"MSR",500,"Montserrat",0
1997,"NIC",558,"Nicaragua",3058
1997,"PAN",591,"Panama",2628
1997,"PRY",600,"Paraguay",0
1997,"PER",604,"Peru",1357
1997,"PRI",630,"Puerto Rico",6893
1997,"BLM",652,"Saint Barthelemy",0
1997,"KNA",659,"Saint Kitts and Nevis",0
1997,"LCA",662,"Saint Lucia",11
1997,"MAF",663,"Saint Martin",0
1997,"VCT",670,"Saint Vincent and the Grenadines",3
1997,"SUR",740,"Suriname",90
1997,"TTO",780,"Trinidad and Tobago",745
1997,"TCA",796,"Turks and Caicos Islands",0
1997,"USA",840,"United States of America",0
1997,"URY",858,"Uruguay",0
1997,"VEN",862,"Venezuela",27354
1997,"VGB",92,"Virgin Islands (UK)",0
1997,"VIR",850,"Virgin Islands (US)",0
1997,NA,NA,"Total",410392
1998,"AIA",660,"Anguilla",0
1998,"ATG",28,"Antigua and Barbuda",4
1998,"ARG",32,"Argentina",822
1998,"ABW",533,"Aruba",0
1998,"BHS",44,"Bahamas",336
1998,"BRB",52,"Barbados",852
1998,"BLZ",84,"Belize",7
1998,"BMU",60,"Bermuda",0
1998,"BOL",68,"Bolivia",49
1998,NA,NA,"Bonaire, Saint Eustatius and Saba",0
1998,"BRA",76,"Brazil",535283
1998,"CAN",124,"Canada",0
1998,"CYM",136,"Cayman Islands",2
1998,"CHL",152,"Chile",0
1998,"COL",170,"Colombia",58011
1998,"CRI",188,"Costa Rica",2628
1998,"CUB",192,"Cuba",0
1998,"CUW",531,"Curaçao",5
1998,"DMA",212,"Dominica",1
1998,"DOM",214,"Dominican Republic",2873
1998,"ECU",218,"Ecuador",4606
1998,"SLV",222,"El Salvador",1686
1998,"GUF",254,"French Guiana",533
1998,"GRD",308,"Grenada",4
1998,"GLP",312,"Guadeloupe",0
1998,"GTM",320,"Guatemala",4653
1998,"GUY",328,"Guyana",42
1998,"HTI",332,"Haiti",0
1998,"HND",340,"Honduras",22200
1998,"JAM",388,"Jamaica",1509
1998,"MTQ",474,"Martinique",44
1998,"MEX",484,"Mexico",23267
1998,"MSR",500,"Montserrat",0
1998,"NIC",558,"Nicaragua",13160
1998,"PAN",591,"Panama",2716
1998,"PRY",600,"Paraguay",0
1998,"PER",604,"Peru",988
1998,"PRI",630,"Puerto Rico",17068
1998,"BLM",652,"Saint Barthelemy",0
1998,"KNA",659,"Saint Kitts and Nevis",0
1998,"LCA",662,"Saint Lucia",0
1998,"MAF",663,"Saint Martin",0
1998,"VCT",670,"Saint Vincent and the Grenadines",88
1998,"SUR",740,"Suriname",1140
1998,"TTO",780,"Trinidad and Tobago",2984
1998,"TCA",796,"Turks and Caicos Islands",0
1998,"USA",840,"United States of America",0
1998,"URY",858,"Uruguay",0
1998,"VEN",862,"Venezuela",31863
1998,"VGB",92,"Virgin Islands (UK)",1
1998,"VIR",850,"Virgin Islands (US)",0
1998,NA,NA,"Total",729425
1999,"AIA",660,"Anguilla",12
1999,"ATG",28,"Antigua and Barbuda",2
1999,"ARG",32,"Argentina",3
1999,"ABW",533,"Aruba",130
1999,"BHS",44,"Bahamas",0
1999,"BRB",52,"Barbados",688
1999,"BLZ",84,"Belize",3
1999,"BMU",60,"Bermuda",3
1999,"BOL",68,"Bolivia",43
1999,NA,NA,"Bonaire, Saint Eustatius and Saba",0
1999,"BRA",76,"Brazil",204131
1999,"CAN",124,"Canada",0
1999,"CYM",136,"Cayman Islands",1
1999,"CHL",152,"Chile",0
1999,"COL",170,"Colombia",19243
1999,"CRI",188,"Costa Rica",6041
1999,"CUB",192,"Cuba",0
1999,"CUW",531,"Curaçao",4
1999,"DMA",212,"Dominica",1
1999,"DOM",214,"Dominican Republic",1059
1999,"ECU",218,"Ecuador",2901
1999,"SLV",222,"El Salvador",556
1999,"GUF",254,"French Guiana",88
1999,"GRD",308,"Grenada",85
1999,"GLP",312,"Guadeloupe",41
1999,"GTM",320,"Guatemala",3615
1999,"GUY",328,"Guyana",0
1999,"HTI",332,"Haiti",0
1999,"HND",340,"Honduras",17766
1999,"JAM",388,"Jamaica",24
1999,"MTQ",474,"Martinique",268
1999,"MEX",484,"Mexico",14655
1999,"MSR",500,"Montserrat",0
1999,"NIC",558,"Nicaragua",10401
1999,"PAN",591,"Panama",2782
1999,"PRY",600,"Paraguay",1164
1999,"PER",604,"Peru",554
1999,"PRI",630,"Puerto Rico",4959
1999,"BLM",652,"Saint Barthelemy",0
1999,"KNA",659,"Saint Kitts and Nevis",1
1999,"LCA",662,"Saint Lucia",3
1999,"MAF",663,"Saint Martin",0
1999,"VCT",670,"Saint Vincent and the Grenadines",8
1999,"SUR",740,"Suriname",695
1999,"TTO",780,"Trinidad and Tobago",1200
1999,"TCA",796,"Turks and Caicos Islands",0
1999,"USA",840,"United States of America",0
1999,"URY",858,"Uruguay",0
1999,"VEN",862,"Venezuela",24028
1999,"VGB",92,"Virgin Islands (UK)",0
1999,"VIR",850,"Virgin Islands (US)",0
1999,NA,NA,"Total",317158
2000,"AIA",660,"Anguilla",3
2000,"ATG",28,"Antigua and Barbuda",8
2000,"ARG",32,"Argentina",1700
2000,"ABW",533,"Aruba",76
2000,"BHS",44,"Bahamas",0
2000,"BRB",52,"Barbados",744
2000,"BLZ",84,"Belize",4
2000,"BMU",60,"Bermuda",0
2000,"BOL",68,"Bolivia",73
2000,NA,NA,"Bonaire, Saint Eustatius and Saba",0
2000,"BRA",76,"Brazil",231412
2000,"CAN",124,"Canada",0
2000,"CYM",136,"Cayman Islands",0
2000,"CHL",152,"Chile",0
2000,"COL",170,"Colombia",20956
2000,"CRI",188,"Costa Rica",4908
2000,"CUB",192,"Cuba",138
2000,"CUW",531,"Curaçao",10
2000,"DMA",212,"Dominica",15
2000,"DOM",214,"Dominican Republic",3404
2000,"ECU",218,"Ecuador",22934
2000,"SLV",222,"El Salvador",2837
2000,"GUF",254,"French Guiana",182
2000,"GRD",308,"Grenada",27
2000,"GLP",312,"Guadeloupe",59
2000,"GTM",320,"Guatemala",8964
2000,"GUY",328,"Guyana",19
2000,"HTI",332,"Haiti",0
2000,"HND",340,"Honduras",13328
2000,"JAM",388,"Jamaica",25
2000,"MTQ",474,"Martinique",171
2000,"MEX",484,"Mexico",21665
2000,"MSR",500,"Montserrat",9
2000,"NIC",558,"Nicaragua",6681
2000,"PAN",591,"Panama",314
2000,"PRY",600,"Paraguay",24282
2000,"PER",604,"Peru",5486
2000,"PRI",630,"Puerto Rico",2409
2000,"BLM",652,"Saint Barthelemy",0
2000,"KNA",659,"Saint Kitts and Nevis",5
2000,"LCA",662,"Saint Lucia",0
2000,"MAF",663,"Saint Martin",0
2000,"VCT",670,"Saint Vincent and the Grenadines",5
2000,"SUR",740,"Suriname",1069
2000,"TTO",780,"Trinidad and Tobago",2017
2000,"TCA",796,"Turks and Caicos Islands",0
2000,"USA",840,"United States of America",0
2000,"URY",858,"Uruguay",0
2000,"VEN",862,"Venezuela",18915
2000,"VGB",92,"Virgin Islands (UK)",3
2000,"VIR",850,"Virgin Islands (US)",0
2000,NA,NA,"Total",394857
2001,"AIA",660,"Anguilla",25
2001,"ATG",28,"Antigua and Barbuda",20
2001,"ARG",32,"Argentina",11
2001,"ABW",533,"Aruba",0
2001,"BHS",44,"Bahamas",0
2001,"BRB",52,"Barbados",1029
2001,"BLZ",84,"Belize",3
2001,"BMU",60,"Bermuda",0
2001,"BOL",68,"Bolivia",176
2001,NA,NA,"Bonaire, Saint Eustatius and Saba",0
2001,"BRA",76,"Brazil",412388
2001,"CAN",124,"Canada",0
2001,"CYM",136,"Cayman Islands",0
2001,"CHL",152,"Chile",0
2001,"COL",170,"Colombia",48874
2001,"CRI",188,"Costa Rica",9464
2001,"CUB",192,"Cuba",11363
2001,"CUW",531,"Curaçao",0
2001,"DMA",212,"Dominica",5
2001,"DOM",214,"Dominican Republic",3588
2001,"ECU",218,"Ecuador",10864
2001,"SLV",222,"El Salvador",1039
2001,"GUF",254,"French Guiana",2830
2001,"GRD",308,"Grenada",12
2001,"GLP",312,"Guadeloupe",0
2001,"GTM",320,"Guatemala",4512
2001,"GUY",328,"Guyana",60
2001,"HTI",332,"Haiti",0
2001,"HND",340,"Honduras",8646
2001,"JAM",388,"Jamaica",39
2001,"MTQ",474,"Martinique",4468
2001,"MEX",484,"Mexico",6019
2001,"MSR",500,"Montserrat",1
2001,"NIC",558,"Nicaragua",1646
2001,"PAN",591,"Panama",1538
2001,"PRY",600,"Paraguay",38
2001,"PER",604,"Peru",23078
2001,"PRI",630,"Puerto Rico",5197
2001,"BLM",652,"Saint Barthelemy",0
2001,"KNA",659,"Saint Kitts and Nevis",85
2001,"LCA",662,"Saint Lucia",292
2001,"MAF",663,"Saint Martin",0
2001,"VCT",670,"Saint Vincent and the Grenadines",3
2001,"SUR",740,"Suriname",748
2001,"TTO",780,"Trinidad and Tobago",2158
2001,"TCA",796,"Turks and Caicos Islands",0
2001,"USA",840,"United States of America",96
2001,"URY",858,"Uruguay",0
2001,"VEN",862,"Venezuela",76639
2001,"VGB",92,"Virgin Islands (UK)",23
2001,"VIR",850,"Virgin Islands (US)",0
2001,NA,NA,"Total",636977
2002,"AIA",660,"Anguilla",5
2002,"ATG",28,"Antigua and Barbuda",5
2002,"ARG",32,"Argentina",214
2002,"ABW",533,"Aruba",25
2002,"BHS",44,"Bahamas",0
2002,"BRB",52,"Barbados",740
2002,"BLZ",84,"Belize",41
2002,"BMU",60,"Bermuda",0
2002,"BOL",68,"Bolivia",891
2002,NA,NA,"Bonaire, Saint Eustatius and Saba",0
2002,"BRA",76,"Brazil",778037
2002,"CAN",124,"Canada",0
2002,"CYM",136,"Cayman Islands",1
2002,"CHL",152,"Chile",636
2002,"COL",170,"Colombia",71727
2002,"CRI",188,"Costa Rica",12251
2002,"CUB",192,"Cuba",2999
2002,"CUW",531,"Curaçao",0
2002,"DMA",212,"Dominica",0
2002,"DOM",214,"Dominican Republic",3118
2002,"ECU",218,"Ecuador",5675
2002,"SLV",222,"El Salvador",17902
2002,"GUF",254,"French Guiana",280
2002,"GRD",308,"Grenada",81
2002,"GLP",312,"Guadeloupe",93
2002,"GTM",320,"Guatemala",7552
2002,"GUY",328,"Guyana",200
2002,"HTI",332,"Haiti",0
2002,"HND",340,"Honduras",31406
2002,"JAM",388,"Jamaica",90
2002,"MTQ",474,"Martinique",392
2002,"MEX",484,"Mexico",8415
2002,"MSR",500,"Montserrat",1
2002,"NIC",558,"Nicaragua",2000
2002,"PAN",591,"Panama",706
2002,"PRY",600,"Paraguay",1871
2002,"PER",604,"Peru",8862
2002,"PRI",630,"Puerto Rico",2883
2002,"BLM",652,"Saint Barthelemy",0
2002,"KNA",659,"Saint Kitts and Nevis",20
2002,"LCA",662,"Saint Lucia",51
2002,"MAF",663,"Saint Martin",0
2002,"VCT",670,"Saint Vincent and the Grenadines",123
2002,"SUR",740,"Suriname",1081
2002,"TTO",780,"Trinidad and Tobago",5973
2002,"TCA",796,"Turks and Caicos Islands",0
2002,"USA",840,"United States of America",29
2002,"URY",858,"Uruguay",0
2002,"VEN",862,"Venezuela",34697
2002,"VGB",92,"Virgin Islands (UK)",0
2002,"VIR",850,"Virgin Islands (US)",0
2002,NA,NA,"Total",1001073
2003,"AIA",660,"Anguilla",2
2003,"ATG",28,"Antigua and Barbuda",0
2003,"ARG",32,"Argentina",135
2003,"ABW",533,"Aruba",0
2003,"BHS",44,"Bahamas",180
2003,"BRB",52,"Barbados",557
2003,"BLZ",84,"Belize",0
2003,"BMU",60,"Bermuda",0
2003,"BOL",68,"Bolivia",6501
2003,NA,NA,"Bonaire, Saint Eustatius and Saba",0
2003,"BRA",76,"Brazil",341189
2003,"CAN",124,"Canada",0
2003,"CYM",136,"Cayman Islands",1
2003,"CHL",152,"Chile",0
2003,"COL",170,"Colombia",47710
2003,"CRI",188,"Costa Rica",19703
2003,"CUB",192,"Cuba",0
2003,"CUW",531,"Curaçao",0
2003,"DMA",212,"Dominica",0
2003,"DOM",214,"Dominican Republic",5911
2003,"ECU",218,"Ecuador",9903
2003,"SLV",222,"El Salvador",7298
2003,"GUF",254,"French Guiana",2178
2003,"GRD",308,"Grenada",17
2003,"GLP",312,"Guadeloupe",495
2003,"GTM",320,"Guatemala",6728
2003,"GUY",328,"Guyana",33
2003,"HTI",332,"Haiti",0
2003,"HND",340,"Honduras",16101
2003,"JAM",388,"Jamaica",52
2003,"MTQ",474,"Martinique",791
2003,"MEX",484,"Mexico",3599
2003,"MSR",500,"Montserrat",1
2003,"NIC",558,"Nicaragua",2564
2003,"PAN",591,"Panama",293
2003,"PRY",600,"Paraguay",137
2003,"PER",604,"Peru",3622
2003,"PRI",630,"Puerto Rico",3730
2003,"BLM",652,"Saint Barthelemy",0
2003,"KNA",659,"Saint Kitts and Nevis",2
2003,"LCA",662,"Saint Lucia",5
2003,"MAF",663,"Saint Martin",0
2003,"VCT",670,"Saint Vincent and the Grenadines",3
2003,"SUR",740,"Suriname",284
2003,"TTO",780,"Trinidad and Tobago",2209
2003,"TCA",796,"Turks and Caicos Islands",2
2003,"USA",840,"United States of America",40
2003,"URY",858,"Uruguay",0
2003,"VEN",862,"Venezuela",24750
2003,"VGB",92,"Virgin Islands (UK)",0
2003,"VIR",850,"Virgin Islands (US)",0
2003,NA,NA,"Total",506726
2004,"AIA",660,"Anguilla",0
2004,"ATG",28,"Antigua and Barbuda",0
2004,"ARG",32,"Argentina",3284
2004,"ABW",533,"Aruba",173
2004,"BHS",44,"Bahamas",1
2004,"BRB",52,"Barbados",349
2004,"BLZ",84,"Belize",2
2004,"BMU",60,"Bermuda",0
2004,"BOL",68,"Bolivia",7365
2004,NA,NA,"Bonaire, Saint Eustatius and Saba",0
2004,"BRA",76,"Brazil",112851
2004,"CAN",124,"Canada",0
2004,"CYM",136,"Cayman Islands",0
2004,"CHL",152,"Chile",0
2004,"COL",170,"Colombia",24708
2004,"CRI",188,"Costa Rica",9408
2004,"CUB",192,"Cuba",0
2004,"CUW",531,"Curaçao",0
2004,"DMA",212,"Dominica",4
2004,"DOM",214,"Dominican Republic",2340
2004,"ECU",218,"Ecuador",6101
2004,"SLV",222,"El Salvador",13190
2004,"GUF",254,"French Guiana",3147
2004,"GRD",308,"Grenada",7
2004,"GLP",312,"Guadeloupe",0
2004,"GTM",320,"Guatemala",6313
2004,"GUY",328,"Guyana",47
2004,"HTI",332,"Haiti",0
2004,"HND",340,"Honduras",17626
2004,"JAM",388,"Jamaica",9
2004,"MTQ",474,"Martinique",0
2004,"MEX",484,"Mexico",6243
2004,"MSR",500,"Montserrat",0
2004,"NIC",558,"Nicaragua",942
2004,"PAN",591,"Panama",369
2004,"PRY",600,"Paraguay",164
2004,"PER",604,"Peru",9739
2004,"PRI",630,"Puerto Rico",3277
2004,"BLM",652,"Saint Barthelemy",0
2004,"KNA",659,"Saint Kitts and Nevis",4
2004,"LCA",662,"Saint Lucia",11
2004,"MAF",663,"Saint Martin",0
2004,"VCT",670,"Saint Vincent and the Grenadines",4
2004,"SUR",740,"Suriname",368
2004,"TTO",780,"Trinidad and Tobago",497
2004,"TCA",796,"Turks and Caicos Islands",1
2004,"USA",840,"United States of America",0
2004,"URY",858,"Uruguay",0
2004,"VEN",862,"Venezuela",28707
2004,"VGB",92,"Virgin Islands (UK)",0
2004,"VIR",850,"Virgin Islands (US)",0
2004,NA,NA,"Total",257251
2005,"AIA",660,"Anguilla",0
2005,"ATG",28,"Antigua and Barbuda",0
2005,"ARG",32,"Argentina",34
2005,"ABW",533,"Aruba",0
2005,"BHS",44,"Bahamas",0
2005,"BRB",52,"Barbados",320
2005,"BLZ",84,"Belize",380
2005,"BMU",60,"Bermuda",2
2005,"BOL",68,"Bolivia",4433
2005,NA,NA,"Bonaire, Saint Eustatius and Saba",0
2005,"BRA",76,"Brazil",203356
2005,"CAN",124,"Canada",0
2005,"CYM",136,"Cayman Islands",1
2005,"CHL",152,"Chile",0
2005,"COL",170,"Colombia",26169
2005,"CRI",188,"Costa Rica",37798
2005,"CUB",192,"Cuba",75
2005,"CUW",531,"Curaçao",265
2005,"DMA",212,"Dominica",7
2005,"DOM",214,"Dominican Republic",2776
2005,"ECU",218,"Ecuador",11797
2005,"SLV",222,"El Salvador",15083
2005,"GUF",254,"French Guiana",4365
2005,"GRD",308,"Grenada",0
2005,"GLP",312,"Guadeloupe",3358
2005,"GTM",320,"Guatemala",6309
2005,"GUY",328,"Guyana",178
2005,"HTI",332,"Haiti",0
2005,"HND",340,"Honduras",17048
2005,"JAM",388,"Jamaica",46
2005,"MTQ",474,"Martinique",6080
2005,"MEX",484,"Mexico",12607
2005,"MSR",500,"Montserrat",0
2005,"NIC",558,"Nicaragua",1558
2005,"PAN",591,"Panama",3998
2005,"PRY",600,"Paraguay",405
2005,"PER",604,"Peru",6342
2005,"PRI",630,"Puerto Rico",5682
2005,"BLM",652,"Saint Barthelemy",0
2005,"KNA",659,"Saint Kitts and Nevis",0
2005,"LCA",662,"Saint Lucia",1
2005,"MAF",663,"Saint Martin",0
2005,"VCT",670,"Saint Vincent and the Grenadines",8
2005,"SUR",740,"Suriname",2712
2005,"TTO",780,"Trinidad and Tobago",411
2005,"TCA",796,"Turks and Caicos Islands",1
2005,"USA",840,"United States of America",0
2005,"URY",858,"Uruguay",0
2005,"VEN",862,"Venezuela",39517
2005,"VGB",92,"Virgin Islands (UK)",0
2005,"VIR",850,"Virgin Islands (US)",0
2005,NA,NA,"Total",413122
2006,"AIA",660,"Anguilla",0
2006,"ATG",28,"Antigua and Barbuda",0
2006,"ARG",32,"Argentina",181
2006,"ABW",533,"Aruba",5
2006,"BHS",44,"Bahamas",1
2006,"BRB",52,"Barbados",1
2006,"BLZ",84,"Belize",9
2006,"BMU",60,"Bermuda",2
2006,"BOL",68,"Bolivia",2039
2006,NA,NA,"Bonaire, Saint Eustatius and Saba",0
2006,"BRA",76,"Brazil",345922
2006,"CAN",124,"Canada",0
2006,"CYM",136,"Cayman Islands",0
2006,"CHL",152,"Chile",3
2006,"COL",170,"Colombia",31092
2006,"CRI",188,"Costa Rica",12052
2006,"CUB",192,"Cuba",0
2006,"CUW",531,"Curaçao",0
2006,"DMA",212,"Dominica",19
2006,"DOM",214,"Dominican Republic",5913
2006,"ECU",218,"Ecuador",5871
2006,"SLV",222,"El Salvador",21843
2006,"GUF",254,"French Guiana",15904
2006,"GRD",308,"Grenada",22
2006,"GLP",312,"Guadeloupe",2942
2006,"GTM",320,"Guatemala",2422
2006,"GUY",328,"Guyana",118
2006,"HTI",332,"Haiti",NA
2006,"HND",340,"Honduras",7800
2006,"JAM",388,"Jamaica",79
2006,"MTQ",474,"Martinique",4085
2006,"MEX",484,"Mexico",22810
2006,"MSR",500,"Montserrat",0
2006,"NIC",558,"Nicaragua",1298
2006,"PAN",591,"Panama",4293
2006,"PRY",600,"Paraguay",4271
2006,"PER",604,"Peru",5527
2006,"PRI",630,"Puerto Rico",3036
2006,"BLM",652,"Saint Barthelemy",0
2006,"KNA",659,"Saint Kitts and Nevis",1
2006,"LCA",662,"Saint Lucia",30
2006,"MAF",663,"Saint Martin",0
2006,"VCT",670,"Saint Vincent and the Grenadines",5
2006,"SUR",740,"Suriname",253
2006,"TTO",780,"Trinidad and Tobago",36
2006,"TCA",796,"Turks and Caicos Islands",0
2006,"USA",840,"United States of America",143
2006,"URY",858,"Uruguay",0
2006,"VEN",862,"Venezuela",37384
2006,"VGB",92,"Virgin Islands (UK)",0
2006,"VIR",850,"Virgin Islands (US)",0
2006,NA,NA,"Total",537412
2007,"AIA",660,"Anguilla",0
2007,"ATG",28,"Antigua and Barbuda",0
2007,"ARG",32,"Argentina",173
2007,"ABW",533,"Aruba",0
2007,"BHS",44,"Bahamas",0
2007,"BRB",52,"Barbados",0
2007,"BLZ",84,"Belize",40
2007,"BMU",60,"Bermuda",0
2007,"BOL",68,"Bolivia",7223
2007,NA,NA,"Bonaire, Saint Eustatius and Saba",0
2007,"BRA",76,"Brazil",558413
2007,"CAN",124,"Canada",0
2007,"CYM",136,"Cayman Islands",9
2007,"CHL",152,"Chile",28
2007,"COL",170,"Colombia",38562
2007,"CRI",188,"Costa Rica",26504
2007,"CUB",192,"Cuba",28
2007,"CUW",531,"Curaçao",0
2007,"DMA",212,"Dominica",110
2007,"DOM",214,"Dominican Republic",9403
2007,"ECU",218,"Ecuador",10253
2007,"SLV",222,"El Salvador",12376
2007,"GUF",254,"French Guiana",661
2007,"GRD",308,"Grenada",0
2007,"GLP",312,"Guadeloupe",3162
2007,"GTM",320,"Guatemala",5865
2007,"GUY",328,"Guyana",200
2007,"HTI",332,"Haiti",NA
2007,"HND",340,"Honduras",29328
2007,"JAM",388,"Jamaica",1448
2007,"MTQ",474,"Martinique",4918
2007,"MEX",484,"Mexico",40539
2007,"MSR",500,"Montserrat",0
2007,"NIC",558,"Nicaragua",1264
2007,"PAN",591,"Panama",3399
2007,"PRY",600,"Paraguay",28127
2007,"PER",604,"Peru",6872
2007,"PRI",630,"Puerto Rico",10964
2007,"BLM",652,"Saint Barthelemy",0
2007,"KNA",659,"Saint Kitts and Nevis",0
2007,"LCA",662,"Saint Lucia",39
2007,"MAF",663,"Saint Martin",0
2007,"VCT",670,"Saint Vincent and the Grenadines",2
2007,"SUR",740,"Suriname",41
2007,"TTO",780,"Trinidad and Tobago",47
2007,"TCA",796,"Turks and Caicos Islands",0
2007,"USA",840,"United States of America",488
2007,"URY",858,"Uruguay",0
2007,"VEN",862,"Venezuela",74185
2007,"VGB",92,"Virgin Islands (UK)",6
2007,"VIR",850,"Virgin Islands (US)",73
2007,NA,NA,"Total",874750
2008,"AIA",660,"Anguilla",7
2008,"ATG",28,"Antigua and Barbuda",17
2008,"ARG",32,"Argentina",40
2008,"ABW",533,"Aruba",0
2008,"BHS",44,"Bahamas",1
2008,"BRB",52,"Barbados",1
2008,"BLZ",84,"Belize",23
2008,"BMU",60,"Bermuda",0
2008,"BOL",68,"Bolivia",3178
2008,NA,NA,"Bonaire, Saint Eustatius and Saba",0
2008,"BRA",76,"Brazil",724427
2008,"CAN",124,"Canada",0
2008,"CYM",136,"Cayman Islands",1
2008,"CHL",152,"Chile",25
2008,"COL",170,"Colombia",23651
2008,"CRI",188,"Costa Rica",8212
2008,"CUB",192,"Cuba",0
2008,"CUW",531,"Curaçao",0
2008,"DMA",212,"Dominica",80
2008,"DOM",214,"Dominican Republic",4150
2008,"ECU",218,"Ecuador",1879
2008,"SLV",222,"El Salvador",5774
2008,"GUF",254,"French Guiana",460
2008,"GRD",308,"Grenada",6
2008,"GLP",312,"Guadeloupe",277
2008,"GTM",320,"Guatemala",3227
2008,"GUY",328,"Guyana",324
2008,"HTI",332,"Haiti",NA
2008,"HND",340,"Honduras",16460
2008,"JAM",388,"Jamaica",357
2008,"MTQ",474,"Martinique",586
2008,"MEX",484,"Mexico",25040
2008,"MSR",500,"Montserrat",2
2008,"NIC",558,"Nicaragua",1390
2008,"PAN",591,"Panama",2284
2008,"PRY",600,"Paraguay",1953
2008,"PER",604,"Peru",10246
2008,"PRI",630,"Puerto Rico",3319
2008,"BLM",652,"Saint Barthelemy",0
2008,"KNA",659,"Saint Kitts and Nevis",49
2008,"LCA",662,"Saint Lucia",98
2008,"MAF",663,"Saint Martin",0
2008,"VCT",670,"Saint Vincent and the Grenadines",6
2008,"SUR",740,"Suriname",12
2008,"TTO",780,"Trinidad and Tobago",2358
2008,"TCA",796,"Turks and Caicos Islands",0
2008,"USA",840,"United States of America",0
2008,"URY",858,"Uruguay",0
2008,"VEN",862,"Venezuela",44399
2008,"VGB",92,"Virgin Islands (UK)",15
2008,"VIR",850,"Virgin Islands (US)",0
2008,NA,NA,"Total",884334
2009,"AIA",660,"Anguilla",0
2009,"ATG",28,"Antigua and Barbuda",2
2009,"ARG",32,"Argentina",26606
2009,"ABW",533,"Aruba",845
2009,"BHS",44,"Bahamas",1
2009,"BRB",52,"Barbados",55
2009,"BLZ",84,"Belize",1370
2009,"BMU",60,"Bermuda",0
2009,"BOL",68,"Bolivia",83849
2009,NA,NA,"Bonaire, Saint Eustatius and Saba",0
2009,"BRA",76,"Brazil",520660
2009,"CAN",124,"Canada",0
2009,"CYM",136,"Cayman Islands",0
2009,"CHL",152,"Chile",51
2009,"COL",170,"Colombia",44412
2009,"CRI",188,"Costa Rica",7214
2009,"CUB",192,"Cuba",70
2009,"CUW",531,"Curaçao",0
2009,"DMA",212,"Dominica",2
2009,"DOM",214,"Dominican Republic",7297
2009,"ECU",218,"Ecuador",4400
2009,"SLV",222,"El Salvador",14928
2009,"GUF",254,"French Guiana",11328
2009,"GRD",308,"Grenada",23
2009,"GLP",312,"Guadeloupe",2233
2009,"GTM",320,"Guatemala",10200
2009,"GUY",328,"Guyana",993
2009,"HTI",332,"Haiti",NA
2009,"HND",340,"Honduras",14528
2009,"JAM",388,"Jamaica",70
2009,"MTQ",474,"Martinique",1377
2009,"MEX",484,"Mexico",238389
2009,"MSR",500,"Montserrat",0
2009,"NIC",558,"Nicaragua",17060
2009,"PAN",591,"Panama",6783
2009,"PRY",600,"Paraguay",6143
2009,"PER",604,"Peru",8801
2009,"PRI",630,"Puerto Rico",6588
2009,"BLM",652,"Saint Barthelemy",804
2009,"KNA",659,"Saint Kitts and Nevis",2
2009,"LCA",662,"Saint Lucia",18
2009,"MAF",663,"Saint Martin",1698
2009,"VCT",670,"Saint Vincent and the Grenadines",10
2009,"SUR",740,"Suriname",120
2009,"TTO",780,"Trinidad and Tobago",24
2009,"TCA",796,"Turks and Caicos Islands",0
2009,"USA",840,"United States of America",3
2009,"URY",858,"Uruguay",0
2009,"VEN",862,"Venezuela",60720
2009,"VGB",92,"Virgin Islands (UK)",65
2009,"VIR",850,"Virgin Islands (US)",0
2009,NA,NA,"Total",1099742
2010,"AIA",660,"Anguilla",1
2010,"ATG",28,"Antigua and Barbuda",3
2010,"ARG",32,"Argentina",1185
2010,"ABW",533,"Aruba",1700
2010,"BHS",44,"Bahamas",10
2010,"BRB",52,"Barbados",2966
2010,"BLZ",84,"Belize",1885
2010,"BMU",60,"Bermuda",2
2010,"BOL",68,"Bolivia",9918
2010,NA,NA,"Bonaire, Saint Eustatius and Saba",166
2010,"BRA",76,"Brazil",994158
2010,"CAN",124,"Canada",0
2010,"CYM",136,"Cayman Islands",8
2010,"CHL",152,"Chile",23
2010,"COL",170,"Colombia",147670
2010,"CRI",188,"Costa Rica",31484
2010,"CUB",192,"Cuba",0
2010,"CUW",531,"Curaçao",1722
2010,"DMA",212,"Dominica",633
2010,"DOM",214,"Dominican Republic",11060
2010,"ECU",218,"Ecuador",17516
2010,"SLV",222,"El Salvador",22221
2010,"GUF",254,"French Guiana",10488
2010,"GRD",308,"Grenada",145
2010,"GLP",312,"Guadeloupe",40737
2010,"GTM",320,"Guatemala",16842
2010,"GUY",328,"Guyana",1467
2010,"HTI",332,"Haiti",NA
2010,"HND",340,"Honduras",63546
2010,"JAM",388,"Jamaica",2887
2010,"MTQ",474,"Martinique",36579
2010,"MEX",484,"Mexico",51635
2010,"MSR",500,"Montserrat",0
2010,"NIC",558,"Nicaragua",5157
2010,"PAN",591,"Panama",1999
2010,"PRY",600,"Paraguay",13523
2010,"PER",604,"Peru",18484
2010,"PRI",630,"Puerto Rico",21265
2010,"BLM",652,"Saint Barthelemy",0
2010,"KNA",659,"Saint Kitts and Nevis",19
2010,"LCA",662,"Saint Lucia",74
2010,"MAF",663,"Saint Martin",506
2010,"VCT",670,"Saint Vincent and the Grenadines",217
2010,"SUR",740,"Suriname",93
2010,"TTO",780,"Trinidad and Tobago",4737
2010,"TCA",796,"Turks and Caicos Islands",0
2010,"USA",840,"United States of America",65
2010,"URY",858,"Uruguay",0
2010,"VEN",862,"Venezuela",113764
2010,"VGB",92,"Virgin Islands (UK)",9
2010,"VIR",850,"Virgin Islands (US)",0
2010,NA,NA,"Total",1648569
2011,"AIA",660,"Anguilla",9
2011,"ATG",28,"Antigua and Barbuda",7
2011,"ARG",32,"Argentina",213
2011,"ABW",533,"Aruba",3025
2011,"BHS",44,"Bahamas",6997
2011,"BRB",52,"Barbados",739
2011,"BLZ",84,"Belize",466
2011,"BMU",60,"Bermuda",1
2011,"BOL",68,"Bolivia",26633
2011,NA,NA,"Bonaire, Saint Eustatius and Saba",939
2011,"BRA",76,"Brazil",753487
2011,"CAN",124,"Canada",0
2011,"CYM",136,"Cayman Islands",2
2011,"CHL",152,"Chile",1
2011,"COL",170,"Colombia",31819
2011,"CRI",188,"Costa Rica",13838
2011,"CUB",192,"Cuba",0
2011,"CUW",531,"Curaçao",1553
2011,"DMA",212,"Dominica",40
2011,"DOM",214,"Dominican Republic",2232
2011,"ECU",218,"Ecuador",7567
2011,"SLV",222,"El Salvador",20623
2011,"GUF",254,"French Guiana",663
2011,"GRD",308,"Grenada",86
2011,"GLP",312,"Guadeloupe",101
2011,"GTM",320,"Guatemala",2553
2011,"GUY",328,"Guyana",1093
2011,"HTI",332,"Haiti",NA
2011,"HND",340,"Honduras",7412
2011,"JAM",388,"Jamaica",404
2011,"MTQ",474,"Martinique",275
2011,"MEX",484,"Mexico",63628
2011,"MSR",500,"Montserrat",3
2011,"NIC",558,"Nicaragua",11881
2011,"PAN",591,"Panama",3844
2011,"PRY",600,"Paraguay",42847
2011,"PER",604,"Peru",29612
2011,"PRI",630,"Puerto Rico",5623
2011,"BLM",652,"Saint Barthelemy",23
2011,"KNA",659,"Saint Kitts and Nevis",46
2011,"LCA",662,"Saint Lucia",757
2011,"MAF",663,"Saint Martin",168
2011,"VCT",670,"Saint Vincent and the Grenadines",47
2011,"SXM",534,"Sint Maarten",NA
2011,"SUR",740,"Suriname",386
2011,"TTO",780,"Trinidad and Tobago",1242
2011,"TCA",796,"Turks and Caicos Islands",24
2011,"USA",840,"United States of America",7
2011,"URY",858,"Uruguay",0
2011,"VEN",862,"Venezuela",30135
2011,"VGB",92,"Virgin Islands (UK)",939
2011,"VIR",850,"Virgin Islands (US)",0
2011,NA,NA,"Total",1073990
2012,"AIA",660,"Anguilla",7
2012,"ATG",28,"Antigua and Barbuda",10
2012,"ARG",32,"Argentina",2803
2012,"ABW",533,"Aruba",0
2012,"BHS",44,"Bahamas",3
2012,"BRB",52,"Barbados",912
2012,"BLZ",84,"Belize",1421
2012,"BMU",60,"Bermuda",0
2012,"BOL",68,"Bolivia",51694
2012,NA,NA,"Bonaire, Saint Eustatius and Saba",121
2012,"BRA",76,"Brazil",597450
2012,"CAN",124,"Canada",0
2012,"CYM",136,"Cayman Islands",53
2012,"CHL",152,"Chile",32
2012,"COL",170,"Colombia",50040
2012,"CRI",188,"Costa Rica",22243
2012,"CUB",192,"Cuba",0
2012,"CUW",531,"Curaçao",524
2012,"DMA",212,"Dominica",3
2012,"DOM",214,"Dominican Republic",9284
2012,"ECU",218,"Ecuador",19367
2012,"SLV",222,"El Salvador",43163
2012,"GUF",254,"French Guiana",662
2012,"GRD",308,"Grenada",68
2012,"GLP",312,"Guadeloupe",1088
2012,"GTM",320,"Guatemala",9331
2012,"GUY",328,"Guyana",2189
2012,"HTI",332,"Haiti",240
2012,"HND",340,"Honduras",15554
2012,"JAM",388,"Jamaica",4670
2012,"MTQ",474,"Martinique",1511
2012,"MEX",484,"Mexico",165749
2012,"MSR",500,"Montserrat",0
2012,"NIC",558,"Nicaragua",30210
2012,"PAN",591,"Panama",1194
2012,"PRY",600,"Paraguay",39063
2012,"PER",604,"Peru",30919
2012,"PRI",630,"Puerto Rico",11774
2012,"BLM",652,"Saint Barthelemy",40
2012,"KNA",659,"Saint Kitts and Nevis",2
2012,"LCA",662,"Saint Lucia",10
2012,"MAF",663,"Saint Martin",372
2012,"VCT",670,"Saint Vincent and the Grenadines",91
2012,"SXM",534,"Sint Maarten",NA
2012,"SUR",740,"Suriname",781
2012,"TTO",780,"Trinidad and Tobago",0
2012,"TCA",796,"Turks and Caicos Islands",14
2012,"USA",840,"United States of America",186
2012,"URY",858,"Uruguay",0
2012,"VEN",862,"Venezuela",49502
2012,"VGB",92,"Virgin Islands (UK)",12
2012,"VIR",850,"Virgin Islands (US)",4
2012,NA,NA,"Total",1164366
2013,"AIA",660,"Anguilla",8
2013,"ATG",28,"Antigua and Barbuda",3
2013,"ARG",32,"Argentina",9294
2013,"ABW",533,"Aruba",528
2013,"BHS",44,"Bahamas",3
2013,"BRB",52,"Barbados",2848
2013,"BLZ",84,"Belize",2690
2013,"BMU",60,"Bermuda",1
2013,"BOL",68,"Bolivia",13050
2013,NA,NA,"Bonaire, Saint Eustatius and Saba",444
2013,"BRA",76,"Brazil",1473645
2013,"CAN",124,"Canada",0
2013,"CYM",136,"Cayman Islands",69
2013,"CHL",152,"Chile",44
2013,"COL",170,"Colombia",126425
2013,"CRI",188,"Costa Rica",49993
2013,"CUB",192,"Cuba",0
2013,"CUW",531,"Curaçao",568
2013,"DMA",212,"Dominica",197
2013,"DOM",214,"Dominican Republic",16503
2013,"ECU",218,"Ecuador",11662
2013,"SLV",222,"El Salvador",28877
2013,"GUF",254,"French Guiana",16263
2013,"GRD",308,"Grenada",155
2013,"GLP",312,"Guadeloupe",12706
2013,"GTM",320,"Guatemala",11703
2013,"GUY",328,"Guyana",1120
2013,"HTI",332,"Haiti",0
2013,"HND",340,"Honduras",39201
2013,"JAM",388,"Jamaica",861
2013,"MTQ",474,"Martinique",7040
2013,"MEX",484,"Mexico",231498
2013,"MSR",500,"Montserrat",6
2013,"NIC",558,"Nicaragua",77179
2013,"PAN",591,"Panama",4774
2013,"PRY",600,"Paraguay",144470
2013,"PER",604,"Peru",13771
2013,"PRI",630,"Puerto Rico",18164
2013,"BLM",652,"Saint Barthelemy",966
2013,"KNA",659,"Saint Kitts and Nevis",100
2013,"LCA",662,"Saint Lucia",234
2013,"MAF",663,"Saint Martin",3095
2013,"VCT",670,"Saint Vincent and the Grenadines",127
2013,"SXM",534,"Sint Maarten",NA
2013,"SUR",740,"Suriname",21
2013,"TTO",780,"Trinidad and Tobago",0
2013,"TCA",796,"Turks and Caicos Islands",5
2013,"USA",840,"United States of America",543
2013,"URY",858,"Uruguay",0
2013,"VEN",862,"Venezuela",63726
2013,"VGB",92,"Virgin Islands (UK)",223
2013,"VIR",850,"Virgin Islands (US)",0
2013,NA,NA,"Total",2384803
2014,"AIA",660,"Anguilla",86
2014,"ATG",28,"Antigua and Barbuda",37
2014,"ARG",32,"Argentina",3270
2014,"ABW",533,"Aruba",400
2014,"BHS",44,"Bahamas",146
2014,"BRB",52,"Barbados",2689
2014,"BLZ",84,"Belize",2633
2014,"BMU",60,"Bermuda",1
2014,"BOL",68,"Bolivia",22625
2014,NA,NA,"Bonaire, Saint Eustatius and Saba",NA
2014,"BRA",76,"Brazil",591080
2014,"CAN",124,"Canada",0
2014,"CYM",136,"Cayman Islands",124
2014,"CHL",152,"Chile",30
2014,"COL",170,"Colombia",107975
2014,"CRI",188,"Costa Rica",11140
2014,"CUB",192,"Cuba",2522
2014,"CUW",531,"Curaçao",194
2014,"DMA",212,"Dominica",189
2014,"DOM",214,"Dominican Republic",6274
2014,"ECU",218,"Ecuador",15531
2014,"SLV",222,"El Salvador",53460
2014,"GUF",254,"French Guiana",1180
2014,"GRD",308,"Grenada",39
2014,"GLP",312,"Guadeloupe",1397
2014,"GTM",320,"Guatemala",19797
2014,"GUY",328,"Guyana",863
2014,"HTI",332,"Haiti",NA
2014,"HND",340,"Honduras",42753
2014,"JAM",388,"Jamaica",880
2014,"MTQ",474,"Martinique",1680
2014,"MEX",484,"Mexico",124943
2014,"MSR",500,"Montserrat",17
2014,"NIC",558,"Nicaragua",35425
2014,"PAN",591,"Panama",5517
2014,"PRY",600,"Paraguay",10014
2014,"PER",604,"Peru",19043
2014,"PRI",630,"Puerto Rico",8880
2014,"BLM",652,"Saint Barthelemy",56
2014,"KNA",659,"Saint Kitts and Nevis",75
2014,"LCA",662,"Saint Lucia",167
2014,"MAF",663,"Saint Martin",404
2014,"VCT",670,"Saint Vincent and the Grenadines",117
2014,"SXM",534,"Sint Maarten",31
2014,"SUR",740,"Suriname",23
2014,"TTO",780,"Trinidad and Tobago",148
2014,"TCA",796,"Turks and Caicos Islands",252
2014,"USA",840,"United States of America",668
2014,"URY",858,"Uruguay",0
2014,"VEN",862,"Venezuela",87529
2014,"VGB",92,"Virgin Islands (UK)",239
2014,"VIR",850,"Virgin Islands (US)",19
2014,NA,NA,"Total",1182562
2015,"AIA",660,"Anguilla",8
2015,"ATG",28,"Antigua and Barbuda",14
2015,"ARG",32,"Argentina",4774
2015,"ABW",533,"Aruba",335
2015,"BHS",44,"Bahamas",10
2015,"BRB",52,"Barbados",503
2015,"BLZ",84,"Belize",2381
2015,"BMU",60,"Bermuda",0
2015,"BOL",68,"Bolivia",27099
2015,NA,NA,"Bonaire, Saint Eustatius and Saba",NA
2015,"BRA",76,"Brazil",1649008
2015,"CAN",124,"Canada",0
2015,"CYM",136,"Cayman Islands",40
2015,"CHL",152,"Chile",40
2015,"COL",170,"Colombia",96444
2015,"CRI",188,"Costa Rica",17394
2015,"CUB",192,"Cuba",1691
2015,"CUW",531,"Curaçao",0
2015,"DMA",212,"Dominica",38
2015,"DOM",214,"Dominican Republic",17048
2015,"ECU",218,"Ecuador",42473
2015,"SLV",222,"El Salvador",50169
2015,"GUF",254,"French Guiana",2603
2015,"GRD",308,"Grenada",25
2015,"GLP",312,"Guadeloupe",201
2015,"GTM",320,"Guatemala",18058
2015,"GUY",328,"Guyana",388
2015,"HTI",332,"Haiti",130
2015,"HND",340,"Honduras",44834
2015,"JAM",388,"Jamaica",88
2015,"MTQ",474,"Martinique",207
2015,"MEX",484,"Mexico",219593
2015,"MSR",500,"Montserrat",0
2015,"NIC",558,"Nicaragua",49326
2015,"PAN",591,"Panama",3347
2015,"PRY",600,"Paraguay",68652
2015,"PER",604,"Peru",35837
2015,"PRI",630,"Puerto Rico",1867
2015,"BLM",652,"Saint Barthelemy",428
2015,"KNA",659,"Saint Kitts and Nevis",5
2015,"LCA",662,"Saint Lucia",25
2015,"MAF",663,"Saint Martin",436
2015,"VCT",670,"Saint Vincent and the Grenadines",13
2015,"SXM",534,"Sint Maarten",13
2015,"SUR",740,"Suriname",15
2015,"TTO",780,"Trinidad and Tobago",1687
2015,"TCA",796,"Turks and Caicos Islands",331
2015,"USA",840,"United States of America",945
2015,"URY",858,"Uruguay",13
2015,"VEN",862,"Venezuela",54152
2015,"VGB",92,"Virgin Islands (UK)",103
2015,"VIR",850,"Virgin Islands (US)",3
2015,NA,NA,"Total",2412794
2016,"AIA",660,"Anguilla",50
2016,"ATG",28,"Antigua and Barbuda",103
2016,"ARG",32,"Argentina",79455
2016,"ABW",533,"Aruba",1319
2016,"BHS",44,"Bahamas",82
2016,"BRB",52,"Barbados",1732
2016,"BLZ",84,"Belize",2659
2016,"BMU",60,"Bermuda",2
2016,"BOL",68,"Bolivia",32386
2016,NA,NA,"Bonaire, Saint Eustatius and Saba",NA
2016,"BRA",76,"Brazil",2220482
2016,"CAN",124,"Canada",0
2016,"CYM",136,"Cayman Islands",150
2016,"CHL",152,"Chile",33
2016,"COL",170,"Colombia",101016
2016,"CRI",188,"Costa Rica",23319
2016,"CUB",192,"Cuba",1836
2016,"CUW",531,"Curaçao",0
2016,"DMA",212,"Dominica",351
2016,"DOM",214,"Dominican Republic",6645
2016,"ECU",218,"Ecuador",14159
2016,"SLV",222,"El Salvador",8789
2016,"GUF",254,"French Guiana",522
2016,"GRD",308,"Grenada",151
2016,"GLP",312,"Guadeloupe",177
2016,"GTM",320,"Guatemala",8844
2016,"GUY",328,"Guyana",303
2016,"HTI",332,"Haiti",NA
2016,"HND",340,"Honduras",22961
2016,"JAM",388,"Jamaica",2297
2016,"MTQ",474,"Martinique",158
2016,"MEX",484,"Mexico",130069
2016,"MSR",500,"Montserrat",25
2016,"NIC",558,"Nicaragua",88463
2016,"PAN",591,"Panama",7884
2016,"PRY",600,"Paraguay",70215
2016,"PER",604,"Peru",31868
2016,"PRI",630,"Puerto Rico",168
2016,"BLM",652,"Saint Barthelemy",78
2016,"KNA",659,"Saint Kitts and Nevis",136
2016,"LCA",662,"Saint Lucia",196
2016,"MAF",663,"Saint Martin",350
2016,"VCT",670,"Saint Vincent and the Grenadines",89
2016,"SXM",534,"Sint Maarten",11
2016,"SUR",740,"Suriname",6
2016,"TTO",780,"Trinidad and Tobago",1801
2016,"TCA",796,"Turks and Caicos Islands",484
2016,"USA",840,"United States of America",990
2016,"URY",858,"Uruguay",1769
2016,"VEN",862,"Venezuela",29268
2016,"VGB",92,"Virgin Islands (UK)",100
2016,"VIR",850,"Virgin Islands (US)",11
2016,NA,NA,"Total",2893962
2017,"AIA",660,"Anguilla",22
2017,"ATG",28,"Antigua and Barbuda",1
2017,"ARG",32,"Argentina",557
2017,"ABW",533,"Aruba",1734
2017,"BHS",44,"Bahamas",14
2017,"BRB",52,"Barbados",597
2017,"BLZ",84,"Belize",1627
2017,"BMU",60,"Bermuda",0
2017,"BOL",68,"Bolivia",9239
2017,NA,NA,"Bonaire, Saint Eustatius and Saba",NA
2017,"BRA",76,"Brazil",505239
2017,"CAN",124,"Canada",0
2017,"CYM",136,"Cayman Islands",31
2017,"CHL",152,"Chile",10
2017,"COL",170,"Colombia",25284
2017,"CRI",188,"Costa Rica",5561
2017,"CUB",192,"Cuba",1248
2017,"CUW",531,"Curaçao",0
2017,"DMA",212,"Dominica",33
2017,"DOM",214,"Dominican Republic",1363
2017,"ECU",218,"Ecuador",11387
2017,"SLV",222,"El Salvador",4297
2017,"GUF",254,"French Guiana",625
2017,"GRD",308,"Grenada",239
2017,"GLP",312,"Guadeloupe",540
2017,"GTM",320,"Guatemala",4214
2017,"GUY",328,"Guyana",4
2017,"HTI",332,"Haiti",NA
2017,"HND",340,"Honduras",5217
2017,"JAM",388,"Jamaica",215
2017,"MTQ",474,"Martinique",113
2017,"MEX",484,"Mexico",89893
2017,"MSR",500,"Montserrat",0
2017,"NIC",558,"Nicaragua",64712
2017,"PAN",591,"Panama",9077
2017,"PRY",600,"Paraguay",1832
2017,"PER",604,"Peru",76093
2017,"PRI",630,"Puerto Rico",0
2017,"BLM",652,"Saint Barthelemy",55
2017,"KNA",659,"Saint Kitts and Nevis",10
2017,"LCA",662,"Saint Lucia",66
2017,"MAF",663,"Saint Martin",197
2017,"VCT",670,"Saint Vincent and the Grenadines",3
2017,"SXM",534,"Sint Maarten",0
2017,"SUR",740,"Suriname",1
2017,"TTO",780,"Trinidad and Tobago",300
2017,"TCA",796,"Turks and Caicos Islands",210
2017,"USA",840,"United States of America",453
2017,"URY",858,"Uruguay",0
2017,"VEN",862,"Venezuela",8615
2017,"VGB",92,"Virgin Islands (UK)",67
2017,"VIR",850,"Virgin Islands (US)",1
2017,NA,NA,"Total",830996
2018,"AIA",660,"Anguilla",1
2018,"ATG",28,"Antigua and Barbuda",8
2018,"ARG",32,"Argentina",1829
2018,"ABW",533,"Aruba",9
2018,"BHS",44,"Bahamas",10
2018,"BRB",52,"Barbados",67
2018,"BLZ",84,"Belize",1322
2018,"BMU",60,"Bermuda",0
2018,"BOL",68,"Bolivia",7727
2018,NA,NA,"Bonaire, Saint Eustatius and Saba",0
2018,"BRA",76,"Brazil",462326
2018,"CAN",124,"Canada",0
2018,"CYM",136,"Cayman Islands",24
2018,"CHL",152,"Chile",18
2018,"COL",170,"Colombia",44825
2018,"CRI",188,"Costa Rica",2735
2018,"CUB",192,"Cuba",2128
2018,"CUW",531,"Curaçao",0
2018,"DMA",212,"Dominica",45
2018,"DOM",214,"Dominican Republic",1558
2018,"ECU",218,"Ecuador",3072
2018,"SLV",222,"El Salvador",8448
2018,"GUF",254,"French Guiana",240
2018,"GRD",308,"Grenada",463
2018,"GLP",312,"Guadeloupe",438
2018,"GTM",320,"Guatemala",6830
2018,"GUY",328,"Guyana",286
2018,"HTI",332,"Haiti",90
2018,"HND",340,"Honduras",7942
2018,"JAM",388,"Jamaica",986
2018,"MTQ",474,"Martinique",73
2018,"MEX",484,"Mexico",78621
2018,"MSR",500,"Montserrat",1
2018,"NIC",558,"Nicaragua",58746
2018,"PAN",591,"Panama",6908
2018,"PRY",600,"Paraguay",32359
2018,"PER",604,"Peru",6930
2018,"PRI",630,"Puerto Rico",0
2018,"BLM",652,"Saint Barthelemy",0
2018,"KNA",659,"Saint Kitts and Nevis",6
2018,"LCA",662,"Saint Lucia",90
2018,"MAF",663,"Saint Martin",104
2018,"VCT",670,"Saint Vincent and the Grenadines",4
2018,"SXM",534,"Sint Maarten",29
2018,"SUR",740,"Suriname",123
2018,"TTO",780,"Trinidad and Tobago",123
2018,"TCA",796,"Turks and Caicos Islands",2
2018,"USA",840,"United States of America",331
2018,"URY",858,"Uruguay",0
2018,"VEN",862,"Venezuela",19118
2018,"VGB",92,"Virgin Islands (UK)",60
2018,"VIR",850,"Virgin Islands (US)",0
2018,NA,NA,"Total",757055
2019,"AIA",660,"Anguilla",6
2019,"ATG",28,"Antigua and Barbuda",1223
2019,"ARG",32,"Argentina",3220
2019,"ABW",533,"Aruba",106
2019,"BHS",44,"Bahamas",27
2019,"BRB",52,"Barbados",117
2019,"BLZ",84,"Belize",3636
2019,"BMU",60,"Bermuda",2
2019,"BOL",68,"Bolivia",19987
2019,NA,NA,"Bonaire, Saint Eustatius and Saba",0
2019,"BRA",76,"Brazil",2248570
2019,"CAN",124,"Canada",0
2019,"CYM",136,"Cayman Islands",133
2019,"CHL",152,"Chile",29
2019,"COL",170,"Colombia",127553
2019,"CRI",188,"Costa Rica",9400
2019,"CUB",192,"Cuba",3259
2019,"CUW",531,"Curaçao",0
2019,"DMA",212,"Dominica",1066
2019,"DOM",214,"Dominican Republic",20183
2019,"ECU",218,"Ecuador",8416
2019,"SLV",222,"El Salvador",27470
2019,"GUF",254,"French Guiana",250
2019,"GRD",308,"Grenada",106
2019,"GLP",312,"Guadeloupe",3230
2019,"GTM",320,"Guatemala",50432
2019,"GUY",328,"Guyana",230
2019,"HTI",332,"Haiti",93
2019,"HND",340,"Honduras",132143
2019,"JAM",388,"Jamaica",7555
2019,"MTQ",474,"Martinique",1530
2019,"MEX",484,"Mexico",268458
2019,"MSR",500,"Montserrat",1
2019,"NIC",558,"Nicaragua",186173
2019,"PAN",591,"Panama",9448
2019,"PRY",600,"Paraguay",11811
2019,"PER",604,"Peru",17143
2019,"PRI",630,"Puerto Rico",37
2019,"BLM",652,"Saint Barthelemy",11
2019,"KNA",659,"Saint Kitts and Nevis",46
2019,"LCA",662,"Saint Lucia",20
2019,"MAF",663,"Saint Martin",260
2019,"VCT",670,"Saint Vincent and the Grenadines",11
2019,"SXM",534,"Sint Maarten",8
2019,"SUR",740,"Suriname",86
2019,"TTO",780,"Trinidad and Tobago",416
2019,"TCA",796,"Turks and Caicos Islands",19
2019,"USA",840,"United States of America",1158
2019,"URY",858,"Uruguay",0
2019,"VEN",862,"Venezuela",16015
2019,"VGB",92,"Virgin Islands (UK)",78
2019,"VIR",850,"Virgin Islands (US)",0
2019,NA,NA,"Total",3181171
2020,"AIA",660,"Anguilla",6
2020,"ATG",28,"Antigua and Barbuda",407
2020,"ARG",32,"Argentina",59358
2020,"ABW",533,"Aruba",11
2020,"BHS",44,"Bahamas",3
2020,"BRB",52,"Barbados",1352
2020,"BLZ",84,"Belize",1069
2020,"BMU",60,"Bermuda",0
2020,"BOL",68,"Bolivia",111347
2020,NA,NA,"Bonaire, Saint Eustatius and Saba",0
2020,"BRA",76,"Brazil",1467142
2020,"CAN",124,"Canada",0
2020,"CYM",136,"Cayman Islands",35
2020,"CHL",152,"Chile",9
2020,"COL",170,"Colombia",78979
2020,"CRI",188,"Costa Rica",10056
2020,"CUB",192,"Cuba",1418
2020,"CUW",531,"Curaçao",0
2020,"DMA",212,"Dominica",88
2020,"DOM",214,"Dominican Republic",3964
2020,"ECU",218,"Ecuador",19950
2020,"SLV",222,"El Salvador",5450
2020,"GUF",254,"French Guiana",8759
2020,"GRD",308,"Grenada",253
2020,"GLP",312,"Guadeloupe",19407
2020,"GTM",320,"Guatemala",5983
2020,"GUY",328,"Guyana",1724
2020,"HTI",332,"Haiti",1783
2020,"HND",340,"Honduras",25180
2020,"JAM",388,"Jamaica",898
2020,"MTQ",474,"Martinique",32398
2020,"MEX",484,"Mexico",120639
2020,"MSR",500,"Montserrat",0
2020,"NIC",558,"Nicaragua",53953
2020,"PAN",591,"Panama",3939
2020,"PRY",600,"Paraguay",223782
2020,"PER",604,"Peru",56394
2020,"PRI",630,"Puerto Rico",914
2020,"BLM",652,"Saint Barthelemy",1616
2020,"KNA",659,"Saint Kitts and Nevis",20
2020,"LCA",662,"Saint Lucia",1318
2020,"MAF",663,"Saint Martin",2736
2020,"VCT",670,"Saint Vincent and the Grenadines",1603
2020,"SXM",534,"Sint Maarten",9
2020,"SUR",740,"Suriname",563
2020,"TTO",780,"Trinidad and Tobago",59
2020,"TCA",796,"Turks and Caicos Islands",142
2020,"USA",840,"United States of America",307
2020,"URY",858,"Uruguay",4
2020,"VEN",862,"Venezuela",6721
2020,"VGB",92,"Virgin Islands (UK)",44
2020,"VIR",850,"Virgin Islands (US)",0
2020,NA,NA,"Total",2331792
2021,"ATG",28,"Antigua and Barbuda",46
2021,"ARG",32,"Argentina",3972
2021,"ABW",533,"Aruba",4
2021,"BRB",52,"Barbados",448
2021,"BLZ",84,"Belize",3104
2021,"BMU",60,"Bermuda",0
2021,"BOL",68,"Bolivia",8947
2021,"BRA",76,"Brazil",975474
2021,"CAN",124,"Canada",0
2021,"CYM",136,"Cayman Islands",1
2021,"CHL",152,"Chile",0
2021,"COL",170,"Colombia",53334
2021,"CRI",188,"Costa Rica",5174
2021,"CUB",192,"Cuba",1160
2021,"DMA",212,"Dominica",65
2021,"DOM",214,"Dominican Republic",3746
2021,"ECU",218,"Ecuador",20592
2021,"SLV",222,"El Salvador",5752
2021,"GUF",254,"French Guiana",1756
2021,"GRD",308,"Grenada",230
2021,"GLP",312,"Guadeloupe",540
2021,"GTM",320,"Guatemala",2861
2021,"GUY",328,"Guyana",4380
2021,"HTI",332,"Haiti",6298
2021,"HND",340,"Honduras",19753
2021,"JAM",388,"Jamaica",96
2021,"MTQ",474,"Martinique",1073
2021,"MEX",484,"Mexico",36742
2021,"MSR",500,"Montserrat",3
2021,"NIC",558,"Nicaragua",36741
2021,"PAN",591,"Panama",3095
2021,"PRY",600,"Paraguay",16897
2021,"PER",604,"Peru",49274
2021,"PRI",630,"Puerto Rico",636
2021,"BLM",652,"Saint Barthelemy",70
2021,"KNA",659,"Saint Kitts and Nevis",0
2021,"LCA",662,"Saint Lucia",39
2021,"MAF",663,"Saint Martin",172
2021,"VCT",670,"Saint Vincent and the Grenadines",152
2021,"SUR",740,"Suriname",10
2021,"TTO",780,"Trinidad and Tobago",20
2021,"TCA",796,"Turks and Caicos Islands",4
2021,"USA",840,"United States of America",114
2021,"URY",858,"Uruguay",52
2021,"VEN",862,"Venezuela",5926
2021,"VGB",92,"Virgin Islands (UK)",14
2021,"VIR",850,"Virgin Islands (US)",0
2021,NA,NA,"Total",1268767
2022,"ATG",28,"Antigua and Barbuda",4
2022,"ARG",32,"Argentina",750
2022,"ABW",533,"Aruba",11
2022,"BRB",52,"Barbados",339
2022,"BLZ",84,"Belize",5080
2022,"BMU",60,"Bermuda",0
2022,"BOL",68,"Bolivia",16544
2022,"BRA",76,"Brazil",2363490
2022,"CAN",124,"Canada",0
2022,"CYM",136,"Cayman Islands",2
2022,"CHL",152,"Chile",0
2022,"COL",170,"Colombia",69497
2022,"CRI",188,"Costa Rica",7485
2022,"CUB",192,"Cuba",3036
2022,"DMA",212,"Dominica",28
2022,"DOM",214,"Dominican Republic",10784
2022,"ECU",218,"Ecuador",16017
2022,"SLV",222,"El Salvador",16542
2022,"GUF",254,"French Guiana",NA
2022,"GRD",308,"Grenada",286
2022,"GLP",312,"Guadeloupe",790
2022,"GTM",320,"Guatemala",8407
2022,"GUY",328,"Guyana",382
2022,"HTI",332,"Haiti",3316
2022,"HND",340,"Honduras",25337
2022,"JAM",388,"Jamaica",100
2022,"MTQ",474,"Martinique",360
2022,"MEX",484,"Mexico",59918
2022,"MSR",500,"Montserrat",9
2022,"NIC",558,"Nicaragua",97541
2022,"PAN",591,"Panama",11172
2022,"PRY",600,"Paraguay",7428
2022,"PER",604,"Peru",72851
2022,"PRI",630,"Puerto Rico",1023
2022,"BLM",652,"Saint Barthelemy",93
2022,"KNA",659,"Saint Kitts and Nevis",1
2022,"LCA",662,"Saint Lucia",15
2022,"MAF",663,"Saint Martin",35
2022,"VCT",670,"Saint Vincent and the Grenadines",16
2022,"SUR",740,"Suriname",17
2022,"TTO",780,"Trinidad and Tobago",52
2022,"TCA",796,"Turks and Caicos Islands",3
2022,"USA",840,"United States of America",1156
2022,"URY",858,"Uruguay",80
2022,"VEN",862,"Venezuela",11409
2022,"VGB",92,"Virgin Islands (UK)",27
2022,"VIR",850,"Virgin Islands (US)",0
2022,NA,NA,"Total",2811433
